mode,phase,run,case,sha,binary_sha256,frames,setup_ms,p50_ms,p95_ms,p99_ms,max_ms,over_33,over_100,longest_over_33,setup_records,setup_proxies,setup_tracked_identities,setup_stress_mode,records_first,records_last,records_minimum,records_maximum,proxies_first,proxies_last,proxies_minimum,proxies_maximum,caps_first,caps_last,caps_minimum,caps_maximum,textures_first,textures_last,textures_minimum,textures_maximum,mids_first,mids_last,mids_minimum,mids_maximum,fine_bytes_first,fine_bytes_last,fine_bytes_minimum,fine_bytes_maximum,working_set_first,working_set_last,working_set_minimum,working_set_maximum,uobjects_first,uobjects_last,uobjects_minimum,uobjects_maximum,rhi_texture_bytes_first,rhi_texture_bytes_last,rhi_texture_bytes_maximum,engine_game_ms_p50_ms,engine_game_ms_p95_ms,engine_game_ms_p99_ms,engine_game_ms_max_ms,engine_render_ms_p50_ms,engine_render_ms_p95_ms,engine_render_ms_p99_ms,engine_render_ms_max_ms,engine_rhi_ms_p50_ms,engine_rhi_ms_p95_ms,engine_rhi_ms_p99_ms,engine_rhi_ms_max_ms,engine_gpu_ms_p50_ms,engine_gpu_ms_p95_ms,engine_gpu_ms_p99_ms,engine_gpu_ms_max_ms,engine_game_wait_ms_p50_ms,engine_game_wait_ms_p95_ms,engine_game_wait_ms_p99_ms,engine_game_wait_ms_max_ms,engine_render_wait_ms_p50_ms,engine_render_wait_ms_p95_ms,engine_render_wait_ms_p99_ms,engine_render_wait_ms_max_ms,engine_present_ms_p50_ms,engine_present_ms_p95_ms,engine_present_ms_p99_ms,engine_present_ms_max_ms,gray_stage_current_reveal_us_p50_us,gray_stage_current_reveal_us_p95_us,gray_stage_current_reveal_us_p99_us,gray_stage_current_reveal_us_max_us,gray_stage_historical_us_p50_us,gray_stage_historical_us_p95_us,gray_stage_historical_us_p99_us,gray_stage_historical_us_max_us,gray_stage_coverage_us_p50_us,gray_stage_coverage_us_p95_us,gray_stage_coverage_us_p99_us,gray_stage_coverage_us_max_us,gray_stage_occupancy_us_p50_us,gray_stage_occupancy_us_p95_us,gray_stage_occupancy_us_p99_us,gray_stage_occupancy_us_max_us,gray_stage_ownership_us_p50_us,gray_stage_ownership_us_p95_us,gray_stage_ownership_us_p99_us,gray_stage_ownership_us_max_us,gray_stage_texture_us_p50_us,gray_stage_texture_us_p95_us,gray_stage_texture_us_p99_us,gray_stage_texture_us_max_us,gray_stage_cap_us_p50_us,gray_stage_cap_us_p95_us,gray_stage_cap_us_p99_us,gray_stage_cap_us_max_us,gray_stage_refresh_us_p50_us,gray_stage_refresh_us_p95_us,gray_stage_refresh_us_p99_us,gray_stage_refresh_us_max_us,gray_memory_p95_ms
PIE,before,Before_PIE_01,Empty,194a0dbddacf9c5ea5d6b19f66773c2effb984c0,6668FAD744D2B2F3B6829FF1B1668354641A799BAF6EE697FD65D8DE3C4B386F,240,0.18910000017058337,31.035899999551475,33.708300000398594,35.42880000077275,41.58540000025823,18,0,1,0,0,7,0,0,0,0,0,0,0,0,0,0,0,0,0,0,0,0,0,0,0,0,0,0,0,0,0,4330512384,4303118336,4303060992,4341764096,62829,62829,62829,62829,3524317184,3524620288,3524710400,13.0817,15.013,16.1185,39.7243,0.0002,0.0005,0.0068,0.0138,0.1615,3.8165,4.0424,4.1748,25.9649,27.2064,27.5801,27.6262,18.0013,20.1131,20.7901,21.5088,0.0062,0.0084,0.0105,0.025,0.0062,0.0084,0.0105,0.025,121.7,153.8,176.5,274.7,0.2,0.5,0.7,0.8,71.0,91.9,110.8,218.1,0.0,0.0,0.0,0.0,0.0,0.0,0.0,0.0,0.0,0.0,0.0,0.0,0.0,0.0,0.0,0.0,0.0,0.0,0.0,0.0,0.22030000000000002
PIE,before,Before_PIE_01,OneWhole,194a0dbddacf9c5ea5d6b19f66773c2effb984c0,6668FAD744D2B2F3B6829FF1B1668354641A799BAF6EE697FD65D8DE3C4B386F,300,1.922000000377011,31.116600000132166,33.509600000797946,45.922100000098,67.98170000001846,32,0,2,0,0,8,1,1,1,1,1,1,1,1,1,0,0,0,0,4,4,4,4,3,3,3,3,0,235520,0,235520,4303532032,4321546240,4303532032,4324880384,62829,62829,62829,62829,3524620288,3524698112,3524698112,13.1053,14.6995,22.8812,30.9491,0.0002,0.0004,0.0006,0.006,0.1879,3.8328,4.1068,4.2473,26.1696,27.2908,27.5746,29.1063,17.9802,20.1954,21.2994,46.4521,0.0063,0.0083,0.0103,0.0151,0.0063,0.0083,0.0103,0.0151,138.3,236.0,259.9,11284.1,49.4,97.6,111.2,656.8,94.0,120.5,126.1,181.4,0.4,3.0,4.8,386.2,0.4,0.8,1.1,82.1,0.0,99.7,115.9,136.8,0.1,0.2,0.4,5.8,0.0,0.0,0.0,0.0,0.42460000000000003
PIE,before,Before_PIE_01,EightWhole,194a0dbddacf9c5ea5d6b19f66773c2effb984c0,6668FAD744D2B2F3B6829FF1B1668354641A799BAF6EE697FD65D8DE3C4B386F,300,13.723699999900418,31.243800000083866,35.985299999993,40.087100000164355,42.313399999329704,62,0,2,0,0,15,2,8,9,8,9,8,8,8,8,0,0,0,0,32,38,32,38,24,24,24,24,0,1884160,0,1884160,4322050048,4320854016,4318187520,4324319232,62829,62829,62829,62829,3524698112,3525722112,3525722112,14.0313,18.7038,23.1253,38.532,0.0002,0.0004,0.0053,0.0072,0.1729,3.6818,4.1199,4.291,26.1907,27.1732,27.4128,27.7608,17.1132,19.6783,20.355,21.1664,0.0062,0.0079,0.0092,0.0103,0.0062,0.0079,0.0092,0.0103,244.9,834.8,5720.8,8620.3,360.5,3940.3,6487.4,6734.5,270.6,467.8,715.6,802.4,1.9,65.2,721.2,1098.2,0.8,1133.5,1827.2,1871.7,0.0,329.3,399.6,473.7,0.2,0.6,1.1,2.3,0.0,0.0,0.0,0.0,5.9699
PIE,before,Before_PIE_01,ThirtyTwoWhole,194a0dbddacf9c5ea5d6b19f66773c2effb984c0,6668FAD744D2B2F3B6829FF1B1668354641A799BAF6EE697FD65D8DE3C4B386F,360,56.38040000030742,31.188799999654293,38.53309999976773,48.438200000418874,117.13139999937994,106,1,3,0,0,39,3,31,29,27,32,27,27,27,27,0,0,0,0,120,150,120,150,81,81,81,81,0,6359040,0,6359040,4320718848,4366897152,4320718848,4366897152,64293,64353,64293,64353,3528626176,3530633216,3530633216,16.399,26.1393,36.6117,115.1998,0.0002,0.0004,0.0058,32.3689,0.1727,0.3752,0.5028,3.8407,26.4099,27.4035,27.7959,28.0381,14.1515,17.604,18.7371,22.575,0.0064,0.0085,0.0111,0.0154,0.0064,0.0085,0.0111,0.0154,981.9,2647.0,3493.5,39842.0,1201.2,8745.1,16124.5,16714.0,770.6,1440.0,1710.3,1997.6,5.0,244.2,270.0,5205.3,1.8,1401.5,2180.3,2248.1,0.0,1203.0,1335.0,2229.0,0.4,1.5,1.8,3.1,0.0,0.0,0.0,0.0,12.9427
PIE,before,Before_PIE_01,PartialNewThenRepeat,194a0dbddacf9c5ea5d6b19f66773c2effb984c0,6668FAD744D2B2F3B6829FF1B1668354641A799BAF6EE697FD65D8DE3C4B386F,360,23.876799999925424,20.069799999873794,31.87519999937649,38.202300000193645,53.82709999958024,14,0,2,0,0,7,0,1,1,1,1,1,1,1,1,1,1,1,1,2,2,2,2,1,1,1,1,0,3809280,0,3809280,4386725888,4403658752,4378570752,4403658752,64411,64411,64411,64411,3539939328,3539939328,3539939328,11.1671,18.405,31.4634,51.8756,0.0002,0.0004,0.0006,0.008,0.1756,3.9565,4.2744,4.5322,16.0989,26.5701,27.7362,33.4126,9.5015,17.9368,22.3672,24.5691,0.0066,0.0097,0.0142,0.0543,0.0066,0.0097,0.0142,0.0543,3259.4,5299.4,10387.3,19393.6,0.9,83.0,4733.1,11817.1,0.0,127.0,468.8,797.5,0.0,1.1,10.2,5533.0,0.0,0.9,1.3,1260.7,0.0,0.0,1889.0,2008.7,0.4,1.8,11655.3,12829.3,0.0,0.0,0.0,0.0,5.3534
PIE,before,Before_PIE_01,Overlap64,194a0dbddacf9c5ea5d6b19f66773c2effb984c0,6668FAD744D2B2F3B6829FF1B1668354641A799BAF6EE697FD65D8DE3C4B386F,360,346.78100000019185,31.070300000465068,33.46070000043255,34.39239999988786,785.8279000001858,28,1,1,65,65,15,4,1,1,1,1,1,1,1,1,1,1,1,1,2,2,2,2,1,1,1,1,3809280,3809280,3809280,3809280,4418260992,4416516096,4416507904,4421652480,65803,65803,65803,65803,3547803648,3533926400,3547803648,13.4456,15.553,16.7063,775.1512,0.0002,0.0004,0.0005,0.0094,0.1764,3.8718,4.0781,4.153,26.0533,27.1317,27.6802,28.4611,17.6615,19.8192,20.6005,20.865,0.0065,0.009,0.0119,0.1257,0.0065,0.009,0.0119,0.1257,121.0,156.3,176.5,208.2,0.4,0.7,1.1,374948.1,71.3,88.0,124.3,2291.6,0.0,0.0,0.0,10033.6,0.0,0.0,0.0,304504.0,0.0,0.0,0.0,7567.6,0.0,0.0,0.0,23362.4,0.0,0.0,0.0,0.0,0.2379
PIE,before,Before_PIE_01,SameIdentity64,194a0dbddacf9c5ea5d6b19f66773c2effb984c0,6668FAD744D2B2F3B6829FF1B1668354641A799BAF6EE697FD65D8DE3C4B386F,360,343.52450000005774,30.834000000140804,33.283400000073016,34.51519999998709,1257.2580000005473,29,1,2,65,65,8,5,1,1,1,1,1,1,1,1,1,1,1,1,2,2,2,2,1,1,1,1,3809280,3809280,3809280,3809280,4421758976,4422025216,4421758976,4422025216,65803,65803,65803,65803,3542069248,3542069248,3542069248,13.1901,15.052,16.6815,1248.2719,0.0002,0.0004,0.0064,0.0088,0.1809,3.8071,4.1017,4.3458,25.952,27.1353,28.5392,29.0281,17.8525,19.81,20.4063,20.9012,0.0062,0.0084,0.0118,0.0129,0.0062,0.0084,0.0118,0.0129,122.0,149.7,174.8,365.3,0.3,0.6,0.7,854624.1,72.2,87.7,111.9,1755.8,0.0,0.0,0.0,10976.2,0.0,0.0,0.0,704728.8,0.0,0.0,0.0,8042.8,0.0,0.0,0.0,95178.3,0.0,0.0,0.0,0.0,0.2132
PIE,before,Before_PIE_01,Distributed184,194a0dbddacf9c5ea5d6b19f66773c2effb984c0,6668FAD744D2B2F3B6829FF1B1668354641A799BAF6EE697FD65D8DE3C4B386F,360,1066.1329000004116,31.188099999781116,34.15789999962726,39.717900000141526,3600.6797000000006,52,2,7,185,185,10,6,121,121,121,121,121,121,121,121,121,121,121,121,122,122,122,122,361,361,361,361,44966912,44966912,44966912,44966912,4569305088,4553244672,4553228288,4570103808,66036,66036,66036,66036,3565449216,3565449216,3565449216,13.28,14.8845,17.4471,3548.0398,0.0002,0.0004,0.0058,0.0069,0.1951,3.921,4.1649,4.6919,26.3253,27.5371,36.0157,110.7481,17.9578,20.4309,25.9786,102.2877,0.0063,0.0082,0.0097,0.0106,0.0063,0.0082,0.0097,0.0106,121.3,156.7,180.7,215.8,0.4,0.7,0.8,2411040.8,71.7,89.4,116.4,6429.4,0.0,0.0,0.0,88073.8,0.0,0.0,0.0,1964393.3,0.0,0.0,0.0,26466.6,0.0,0.0,0.0,274737.1,0.0,0.0,0.0,0.0,0.2329
PIE,before,Before_PIE_01,FastSweep90,194a0dbddacf9c5ea5d6b19f66773c2effb984c0,6668FAD744D2B2F3B6829FF1B1668354641A799BAF6EE697FD65D8DE3C4B386F,180,392.4913999999262,19.489100000100734,20.827899999858346,21.64080000056856,840.2274000000034,1,1,1,65,65,15,4,1,1,1,1,1,1,1,1,1,1,1,1,2,2,2,2,1,1,1,1,3809280,3809280,3809280,3809280,4554182656,4553388032,4553388032,4554485760,67380,67380,67380,67380,3573313536,3573313536,3573313536,7.797,8.9963,30.5197,812.189,0.0002,0.0005,0.0006,0.0058,0.1714,0.3101,0.4754,0.4767,15.5666,16.2468,27.255,30.7512,11.6647,12.6844,13.0995,17.0836,0.0063,0.0087,0.0129,0.0376,0.0063,0.0087,0.0129,0.0376,47.7,59.5,123.2,145.2,0.5,0.8,1.0,382068.8,0.0,0.0,77.7,1615.7,0.0,0.0,0.0,9964.6,0.0,0.0,0.0,308711.0,0.0,0.0,0.0,7810.7,0.0,0.0,0.0,24825.0,0.0,0.0,0.0,0.0,0.1426
PIE,before,Before_PIE_01,FastSweep160,194a0dbddacf9c5ea5d6b19f66773c2effb984c0,6668FAD744D2B2F3B6829FF1B1668354641A799BAF6EE697FD65D8DE3C4B386F,180,376.251400000001,19.34830000027432,20.91740000014397,21.383999999670777,823.8807999996425,1,1,1,65,65,15,4,1,1,1,1,1,1,1,1,1,1,1,1,2,2,2,2,1,1,1,1,3809280,3809280,3809280,3809280,4553715712,4549820416,4549591040,4553785344,68644,68644,68644,68644,3581177856,3581177856,3581177856,7.7309,8.9891,30.1617,794.6185,0.0002,0.0005,0.0062,0.0066,0.1704,0.2848,0.3923,0.4303,15.4994,16.2246,28.5233,28.5233,11.606,12.689,13.1899,18.2829,0.0063,0.0079,0.0115,0.0128,0.0063,0.0079,0.0115,0.0128,47.2,61.6,131.8,139.2,0.5,0.8,1.2,383754.8,0.0,0.0,81.3,1548.3,0.0,0.0,0.0,9845.1,0.0,0.0,0.0,313239.5,0.0,0.0,0.0,7621.2,0.0,0.0,0.0,24048.4,0.0,0.0,0.0,0.0,0.1551
PIE,before,Before_PIE_01,StationaryStop,194a0dbddacf9c5ea5d6b19f66773c2effb984c0,6668FAD744D2B2F3B6829FF1B1668354641A799BAF6EE697FD65D8DE3C4B386F,360,8.580900000197289,20.19269999982498,21.96399999957066,31.946300000527117,34.4228000003568,2,0,1,1,1,7,0,2,2,2,2,2,2,2,2,1,1,1,1,6,6,6,6,4,4,4,4,3809280,5062656,3809280,5062656,4549931008,4568748032,4549931008,4568748032,68751,68751,68751,68751,3581583360,3581583360,3581583360,8.232,10.8801,15.3324,34.2498,0.0002,0.0004,0.0054,0.0073,0.1611,0.2718,0.3381,0.4769,16.1261,16.9498,27.0278,30.8954,11.8432,13.0511,16.7561,24.9303,0.0061,0.008,0.0101,0.0239,0.0061,0.008,0.0101,0.0239,58.8,80.2,128.9,14911.6,13.1,1659.5,2811.5,3039.2,12.3,15.6,195.8,201.8,4.1,1259.2,2015.8,2203.9,0.7,205.6,371.1,401.3,0.0,0.0,0.0,703.0,0.0,0.0,0.0,0.2,0.0,0.0,0.0,0.0,2.0161
PIE,before,Before_PIE_01,LongRepeatDistributed,194a0dbddacf9c5ea5d6b19f66773c2effb984c0,6668FAD744D2B2F3B6829FF1B1668354641A799BAF6EE697FD65D8DE3C4B386F,1800,1090.8841000000393,31.046099999002763,33.421300000554766,34.49260000161303,3626.3067999998384,180,1,5,186,186,10,6,122,122,122,122,122,122,122,122,121,121,121,121,126,126,126,126,364,364,364,364,46220288,46220288,46220288,46220288,4658548736,4643717120,4634902528,4661329920,71465,71465,71465,71465,3604963328,3549569024,3604963328,13.5398,15.1111,16.2819,3555.4084,0.0002,0.0004,0.0006,0.0077,0.1819,3.8293,4.053,4.4217,26.0884,27.1593,27.5756,75.1943,17.5563,19.6466,20.2428,49.3105,0.0063,0.0083,0.0101,0.0154,0.0063,0.0083,0.0101,0.0154,120.9,159.5,184.5,331.0,0.3,0.6,0.8,2411982.6,71.1,88.5,123.5,6400.5,0.0,0.0,0.0,79506.9,0.0,0.0,0.0,1976720.0,0.0,0.0,0.0,22988.4,0.0,0.0,0.0,275559.1,0.0,0.0,0.0,0.0,0.2365
PIE,before,Before_PIE_01,ActualNewKnowledge,194a0dbddacf9c5ea5d6b19f66773c2effb984c0,6668FAD744D2B2F3B6829FF1B1668354641A799BAF6EE697FD65D8DE3C4B386F,360,28.95830000124988,20.264299999325885,32.276800000545336,46.81890000028943,55.46710000089661,12,0,1,1,1,7,0,2,7,2,7,2,7,2,7,1,1,1,1,6,11,6,11,4,19,4,19,3809280,11329536,3809280,11329536,4641566720,4650860544,4641566720,4650864640,71465,71465,71465,71465,3549974528,3551940608,3551940608,8.4197,15.1481,34.1653,56.0253,0.0002,0.0004,0.0062,0.0067,0.1657,0.3191,3.8021,4.6025,16.0765,26.6874,28.215,28.9233,11.7638,18.2014,24.1483,25.3013,0.0062,0.0087,0.0127,0.0209,0.0062,0.0087,0.0127,0.0209,68.0,233.2,14725.1,15326.2,74.3,1483.0,5482.7,6238.5,0.0,222.9,806.8,1185.6,1.3,1229.0,4213.6,4960.9,0.9,6.8,394.5,409.5,0.0,0.0,693.7,817.4,0.0,0.2,0.5,0.7,0.0,0.0,0.0,0.0,3.3489
PIE,before,Before_PIE_02,Empty,194a0dbddacf9c5ea5d6b19f66773c2effb984c0,6668FAD744D2B2F3B6829FF1B1668354641A799BAF6EE697FD65D8DE3C4B386F,240,0.12239999887242448,30.89429999999993,33.082800000556745,33.75980000055279,122.4210000000312,13,1,2,0,0,7,0,0,0,0,0,0,0,0,0,0,0,0,0,0,0,0,0,0,0,0,0,0,0,0,0,4335063040,4342714368,4335063040,4351692800,62829,62829,62829,62829,3524317184,3524620288,3524710400,12.9931,14.7766,16.1334,120.5257,0.0002,0.0005,0.0063,0.0076,0.1649,3.916,4.1658,4.3791,25.9991,26.8889,27.664,28.7989,17.8835,19.5986,20.3233,20.3924,0.0061,0.0081,0.0115,0.0284,0.0061,0.0081,0.0115,0.0284,122.3,168.2,200.8,255.3,0.3,0.5,0.6,0.6,71.9,113.3,138.0,145.1,0.0,0.0,0.0,0.0,0.0,0.0,0.0,0.0,0.0,0.0,0.0,0.0,0.0,0.0,0.0,0.0,0.0,0.0,0.0,0.0,0.2288
PIE,before,Before_PIE_02,OneWhole,194a0dbddacf9c5ea5d6b19f66773c2effb984c0,6668FAD744D2B2F3B6829FF1B1668354641A799BAF6EE697FD65D8DE3C4B386F,300,2.225799998996081,31.087299999853713,34.00359999977809,47.86179999973683,70.51180000053137,29,0,2,0,0,8,1,1,1,1,2,1,1,1,1,0,0,0,0,4,7,4,7,3,3,3,3,0,235520,0,235520,4343304192,4351107072,4343304192,4363005952,62829,62829,62829,62829,3524620288,3524898816,3524898816,13.3187,15.6704,24.1336,41.1848,0.0002,0.0004,0.0008,0.0067,0.1665,3.9345,4.1666,4.2654,26.1479,27.3709,27.9266,29.8072,17.6743,19.8595,21.3538,48.8008,0.0064,0.0092,0.0121,0.013,0.0064,0.0092,0.0121,0.013,144.1,244.2,744.9,12205.6,50.2,98.0,288.0,4025.1,96.2,161.2,171.0,349.6,0.4,3.1,57.3,386.7,0.4,0.8,72.8,1829.6,0.0,100.6,122.5,166.6,0.1,0.2,0.4,2.6,0.0,0.0,0.0,0.0,0.4457
PIE,before,Before_PIE_02,EightWhole,194a0dbddacf9c5ea5d6b19f66773c2effb984c0,6668FAD744D2B2F3B6829FF1B1668354641A799BAF6EE697FD65D8DE3C4B386F,300,13.664699999935692,31.133399999816902,35.014000000956,40.43459999957122,41.95129999970959,51,0,2,0,0,15,2,8,8,8,9,8,8,8,8,0,0,0,0,32,44,32,44,24,24,24,24,0,1884160,0,1884160,4351291392,4354605056,4351291392,4354752512,62829,62829,62829,62829,3524898816,3526324224,3526324224,14.004,19.8422,23.4663,38.2633,0.0002,0.0004,0.0006,0.0059,0.1663,3.7581,4.2043,4.4492,26.204,27.2846,27.6196,27.9376,16.997,19.4086,19.9657,20.523,0.0062,0.008,0.0109,0.0345,0.0062,0.008,0.0109,0.0345,248.7,820.9,5770.7,8875.7,356.4,4468.0,8900.7,9364.9,271.0,461.0,777.0,886.9,2.0,63.1,731.3,1106.3,0.8,344.5,1687.6,1715.5,0.0,324.2,402.1,469.1,0.2,0.6,0.9,1.1,0.0,0.0,0.0,0.0,7.4171000000000005
PIE,before,Before_PIE_02,ThirtyTwoWhole,194a0dbddacf9c5ea5d6b19f66773c2effb984c0,6668FAD744D2B2F3B6829FF1B1668354641A799BAF6EE697FD65D8DE3C4B386F,360,56.95200000081968,31.42669999942882,40.244499999971595,53.35460000060266,117.139899999529,97,1,4,0,0,39,3,31,27,27,33,27,27,27,27,0,0,0,0,120,153,120,153,81,81,81,81,0,6359040,0,6359040,4355555328,4373573632,4355555328,4373573632,64252,64318,64252,64318,3529228288,3531436032,3531436032,16.6043,27.3383,50.9173,116.538,0.0002,0.0004,0.0006,0.0048,0.1564,0.2432,0.2712,0.3164,26.3363,27.4137,27.8131,28.7849,14.0295,17.3192,18.0018,18.7486,0.0062,0.0087,0.0105,0.0128,0.0062,0.0087,0.0105,0.0128,1280.2,2911.1,6674.2,39749.3,1218.6,9387.8,16021.9,27993.2,777.7,1386.0,2000.0,2574.1,4.9,209.7,277.6,5194.0,1.8,1514.4,2429.1,4203.9,0.0,1221.8,1345.7,1885.2,0.4,1.5,1.7,3.3,0.0,0.0,0.0,0.0,13.824
PIE,before,Before_PIE_02,PartialNewThenRepeat,194a0dbddacf9c5ea5d6b19f66773c2effb984c0,6668FAD744D2B2F3B6829FF1B1668354641A799BAF6EE697FD65D8DE3C4B386F,360,23.21970000048168,20.10599999994156,32.25810000003548,45.68749999998545,50.404099998559104,15,0,1,0,0,7,0,1,1,1,1,1,1,1,1,1,1,1,1,2,2,2,2,1,1,1,1,0,3809280,0,3809280,4391464960,4405510144,4383330304,4405510144,64376,64376,64376,64376,3540742144,3540742144,3540742144,10.7942,17.5999,36.6087,49.6634,0.0002,0.0004,0.0057,0.0065,0.1574,3.7273,4.1684,4.234,16.1396,26.2525,28.1591,33.8443,10.5844,18.1318,23.5877,24.5903,0.0062,0.0078,0.0104,0.0477,0.0062,0.0078,0.0104,0.0477,78.9,5323.6,14118.3,18755.4,64.8,87.9,4886.5,11998.0,0.0,190.8,460.8,528.5,0.7,1.2,8.3,5428.3,0.4,0.8,0.9,1241.8,0.0,0.0,1988.5,2273.6,0.0,466.0,11786.2,12250.1,0.0,0.0,0.0,0.0,5.3849
PIE,before,Before_PIE_02,Overlap64,194a0dbddacf9c5ea5d6b19f66773c2effb984c0,6668FAD744D2B2F3B6829FF1B1668354641A799BAF6EE697FD65D8DE3C4B386F,360,348.40299999996205,30.883499999617925,33.571599999049795,34.425399999236106,787.8375000000233,28,1,1,65,65,15,4,1,1,1,1,1,1,1,1,1,1,1,1,2,2,2,2,1,1,1,1,3809280,3809280,3809280,3809280,4412129280,4412080128,4411756544,4417409024,65768,65768,65768,65768,3548606464,3548606464,3548606464,13.3218,15.0965,16.3391,777.5507,0.0002,0.0004,0.0058,0.0062,0.1598,3.7989,4.0235,4.2852,26.0434,27.2327,27.7704,29.6543,17.5314,19.7898,20.3377,20.6855,0.0063,0.0086,0.0105,0.0287,0.0063,0.0086,0.0105,0.0287,122.6,156.7,172.3,223.9,0.5,0.8,1.0,374749.4,72.3,91.4,104.8,1908.9,0.0,0.0,0.0,10130.7,0.0,0.0,0.0,304691.9,0.0,0.0,0.0,7607.5,0.0,0.0,0.0,23463.9,0.0,0.0,0.0,0.0,0.24080000000000001
PIE,before,Before_PIE_02,SameIdentity64,194a0dbddacf9c5ea5d6b19f66773c2effb984c0,6668FAD744D2B2F3B6829FF1B1668354641A799BAF6EE697FD65D8DE3C4B386F,360,388.4392999989359,30.794399999649613,33.26629999901343,33.95769999951881,1315.0456000003032,25,1,2,65,65,8,5,1,1,1,1,1,1,1,1,1,1,1,1,2,2,2,2,1,1,1,1,3809280,3809280,3809280,3809280,4428013568,4429303808,4428013568,4429303808,66822,66822,66822,66822,3556749312,3556749312,3556749312,13.1692,14.8739,15.8657,1277.3995,0.0002,0.0004,0.0062,0.0077,0.179,3.9165,4.1922,4.3262,25.9082,27.0767,28.2419,30.3527,17.6882,19.6622,20.3839,26.9435,0.0063,0.0081,0.0098,0.011,0.0063,0.0081,0.0098,0.011,122.4,156.4,215.4,352.4,0.3,0.5,0.7,866709.7,72.0,88.7,118.3,2121.5,0.0,0.0,0.0,11249.5,0.0,0.0,0.0,712224.6,0.0,0.0,0.0,8500.6,0.0,0.0,0.0,98135.8,0.0,0.0,0.0,0.0,0.22080000000000002
PIE,before,Before_PIE_02,Distributed184,194a0dbddacf9c5ea5d6b19f66773c2effb984c0,6668FAD744D2B2F3B6829FF1B1668354641A799BAF6EE697FD65D8DE3C4B386F,360,1085.5379999993602,31.021600001622573,34.06369999902381,37.62360000109766,3641.627299999527,47,1,2,185,185,10,6,121,121,121,121,121,121,121,121,121,121,121,121,122,122,122,122,361,361,361,361,44966912,44966912,44966912,44966912,4574748672,4559306752,4559269888,4576096256,69744,69744,69744,69744,3580129280,3549163520,3580129280,13.5008,15.1949,16.534,3581.0154,0.0002,0.0004,0.0007,0.0066,0.1871,3.8808,4.1274,4.297,26.1153,27.3138,36.7584,70.9099,17.5981,19.9773,20.5491,38.34,0.0062,0.0076,0.0097,0.0104,0.0062,0.0076,0.0097,0.0104,123.1,160.5,183.6,204.0,0.3,0.7,0.9,2432502.4,72.0,97.6,125.6,6491.1,0.0,0.0,0.0,87736.0,0.0,0.0,0.0,1988479.9,0.0,0.0,0.0,23426.6,0.0,0.0,0.0,275505.0,0.0,0.0,0.0,0.0,0.2377
PIE,before,Before_PIE_02,FastSweep90,194a0dbddacf9c5ea5d6b19f66773c2effb984c0,6668FAD744D2B2F3B6829FF1B1668354641A799BAF6EE697FD65D8DE3C4B386F,180,367.9492000010214,19.480000000839937,21.17069999985688,27.50910000031581,813.728600000104,1,1,1,65,65,15,4,1,1,1,1,1,1,1,1,1,1,1,1,2,2,2,2,1,1,1,1,3809280,3809280,3809280,3809280,4559880192,4560809984,4559880192,4560809984,69744,69744,69744,69744,3557027840,3557027840,3557027840,7.9426,9.0223,31.1017,802.4411,0.0002,0.0004,0.0006,0.0068,0.1617,0.3329,0.5161,0.6062,15.5895,16.417,28.0692,28.0692,11.423,12.6845,13.0662,18.6724,0.0064,0.0086,0.0116,0.024,0.0064,0.0086,0.0116,0.024,47.6,76.6,125.5,130.7,0.5,0.8,1.0,379832.9,0.0,0.0,80.3,1579.3,0.0,0.0,0.0,9815.0,0.0,0.0,0.0,308191.0,0.0,0.0,0.0,7693.5,0.0,0.0,0.0,24431.1,0.0,0.0,0.0,0.0,0.1638
PIE,before,Before_PIE_02,FastSweep160,194a0dbddacf9c5ea5d6b19f66773c2effb984c0,6668FAD744D2B2F3B6829FF1B1668354641A799BAF6EE697FD65D8DE3C4B386F,180,382.78770000033546,19.396300000153133,20.829900000535417,21.88219999879948,821.6754000004585,1,1,1,65,65,15,4,1,1,1,1,1,1,1,1,1,1,1,1,2,2,2,2,1,1,1,1,3809280,3809280,3809280,3809280,4556546048,4554108928,4552359936,4556554240,69744,69744,69744,69744,3564892160,3564892160,3564892160,7.8552,9.0592,30.1448,791.5878,0.0002,0.0004,0.0062,0.0083,0.1556,0.2589,0.4125,0.4383,15.6222,16.5125,29.2328,29.2328,11.4829,12.6171,13.6457,19.1399,0.0063,0.0081,0.0101,0.0822,0.0063,0.0081,0.0101,0.0822,47.9,57.4,136.5,141.4,0.4,0.8,1.0,374277.1,0.0,0.0,80.7,1526.1,0.0,0.0,0.0,9591.9,0.0,0.0,0.0,306037.0,0.0,0.0,0.0,7594.1,0.0,0.0,0.0,23386.3,0.0,0.0,0.0,0.0,0.1358
PIE,before,Before_PIE_02,StationaryStop,194a0dbddacf9c5ea5d6b19f66773c2effb984c0,6668FAD744D2B2F3B6829FF1B1668354641A799BAF6EE697FD65D8DE3C4B386F,360,8.435499999905005,20.26819999991858,21.94029999918712,32.826000000568456,33.39099999902828,2,0,1,1,1,7,0,2,2,2,2,2,2,2,2,1,1,1,1,6,6,6,6,4,4,4,4,3809280,5062656,3809280,5062656,4554117120,4563304448,4554117120,4569935872,69744,69744,69744,69744,3565297664,3565297664,3565297664,8.3911,10.7969,16.4514,34.6595,0.0002,0.0004,0.006,0.007,0.1519,0.2629,0.4211,4.7268,16.1784,16.9534,26.5662,32.5143,11.7956,13.0579,17.0175,23.6222,0.006,0.0078,0.0099,0.0229,0.006,0.0078,0.0099,0.0229,58.6,77.5,148.9,15315.6,13.3,1731.7,2777.4,3078.4,12.2,14.6,193.4,209.9,4.2,1278.8,2065.7,2166.8,0.7,231.6,370.7,412.2,0.0,0.0,0.0,682.2,0.0,0.0,0.0,0.2,0.0,0.0,0.0,0.0,2.1269
PIE,before,Before_PIE_02,LongRepeatDistributed,194a0dbddacf9c5ea5d6b19f66773c2effb984c0,6668FAD744D2B2F3B6829FF1B1668354641A799BAF6EE697FD65D8DE3C4B386F,1800,1097.8627999993478,30.915100000129314,33.57289999985369,34.73459999986517,3647.8306999997585,159,1,2,186,186,10,6,122,122,122,122,122,122,122,122,121,121,121,121,126,126,126,126,364,364,364,364,46220288,46220288,46220288,46220288,4624842752,4619997184,4612972544,4633939968,69744,69744,69744,69744,3588677632,3549569024,3588677632,13.5917,15.3188,16.5089,3569.6262,0.0002,0.0004,0.0005,0.0063,0.1814,3.7838,4.0551,4.5047,26.1174,27.2363,27.6502,65.6404,17.383,19.5629,20.1937,55.6534,0.0066,0.0098,0.017,0.0555,0.0066,0.0098,0.017,0.0555,123.1,152.6,179.4,340.8,0.3,0.6,0.8,2424508.6,72.1,86.8,106.3,6600.8,0.0,0.0,0.0,79728.3,0.0,0.0,0.0,1990714.4,0.0,0.0,0.0,22921.8,0.0,0.0,0.0,274648.4,0.0,0.0,0.0,0.0,0.2366
PIE,before,Before_PIE_02,ActualNewKnowledge,194a0dbddacf9c5ea5d6b19f66773c2effb984c0,6668FAD744D2B2F3B6829FF1B1668354641A799BAF6EE697FD65D8DE3C4B386F,360,28.090800000427407,20.117599999139202,31.613599998308928,46.61400000077265,55.44299999928626,11,0,1,1,1,7,0,2,7,2,7,2,7,2,7,1,1,1,1,6,11,6,11,4,19,4,19,3809280,11329536,3809280,11329536,4617633792,4627025920,4617633792,4627025920,69744,69744,69744,69744,3549974528,3551940608,3551940608,8.3204,15.5825,34.9694,54.5964,0.0002,0.0004,0.0006,0.0064,0.1592,0.2993,4.2524,4.4007,15.9878,26.0707,27.5188,28.5608,11.6444,19.7777,24.0225,25.7988,0.0061,0.008,0.0095,0.0108,0.0061,0.008,0.0095,0.0108,67.2,138.7,14887.9,15023.2,79.8,1703.3,5386.6,5849.7,0.0,260.2,734.3,1309.3,1.4,1289.1,4401.4,4934.4,0.8,6.7,393.7,412.1,0.0,0.0,689.9,769.1,0.0,0.2,0.4,0.5,0.0,0.0,0.0,0.0,3.2676
PIE,before,Before_PIE_03,Empty,194a0dbddacf9c5ea5d6b19f66773c2effb984c0,6668FAD744D2B2F3B6829FF1B1668354641A799BAF6EE697FD65D8DE3C4B386F,240,0.13279999984661117,31.04890000031446,33.527900000990485,34.54980000060459,94.39300000121875,25,0,1,0,0,7,0,0,0,0,0,0,0,0,0,0,0,0,0,0,0,0,0,0,0,0,0,0,0,0,0,4298461184,4299808768,4296720384,4300222464,62829,62829,62829,62829,3524317184,3524620288,3524710400,13.1054,15.2409,16.3591,91.5745,0.0002,0.0005,0.0055,0.0059,0.1676,3.8716,4.1299,4.5287,26.0932,27.3832,27.9302,29.3122,18.097,20.0593,20.9162,21.5294,0.0062,0.0081,0.0096,0.0109,0.0062,0.0081,0.0096,0.0109,119.2,156.9,169.2,270.1,0.3,0.5,0.7,0.7,71.1,87.5,109.4,190.1,0.0,0.0,0.0,0.0,0.0,0.0,0.0,0.0,0.0,0.0,0.0,0.0,0.0,0.0,0.0,0.0,0.0,0.0,0.0,0.0,0.2084
PIE,before,Before_PIE_03,OneWhole,194a0dbddacf9c5ea5d6b19f66773c2effb984c0,6668FAD744D2B2F3B6829FF1B1668354641A799BAF6EE697FD65D8DE3C4B386F,300,2.019899999140762,31.17530000054103,33.86260000115726,44.93250000086846,70.08150000001478,37,0,2,0,0,8,1,1,1,1,1,1,1,1,1,0,0,0,0,4,4,4,4,3,3,3,3,0,235520,0,235520,4299915264,4307652608,4299915264,4316114944,62829,62829,62829,62829,3524620288,3524698112,3524698112,13.094,14.8359,20.3475,31.4055,0.0002,0.0004,0.0006,0.0064,0.175,3.8105,4.0419,4.1455,26.2246,27.2234,27.959,29.7362,18.1254,20.4604,21.5524,49.4705,0.0062,0.0083,0.0107,0.0111,0.0062,0.0083,0.0107,0.0111,139.5,234.7,344.3,11405.6,48.8,96.4,101.2,611.4,93.9,104.5,124.1,289.8,0.4,3.0,3.8,378.0,0.4,0.7,0.9,77.5,0.0,100.5,108.9,131.1,0.1,0.2,0.4,2.9,0.0,0.0,0.0,0.0,0.4328
PIE,before,Before_PIE_03,EightWhole,194a0dbddacf9c5ea5d6b19f66773c2effb984c0,6668FAD744D2B2F3B6829FF1B1668354641A799BAF6EE697FD65D8DE3C4B386F,300,13.983299999381416,31.151700000918936,36.07859999829088,40.89120000026014,57.441900000412716,62,0,2,0,0,15,2,8,9,8,9,8,8,8,8,0,0,0,0,32,41,32,41,24,24,24,24,0,1884160,0,1884160,4308398080,4314497024,4308017152,4314497024,62829,62829,62829,62829,3524698112,3525844992,3525922816,14.2656,22.0015,25.6948,40.7816,0.0002,0.0004,0.0006,0.0068,0.1673,0.5206,3.967,4.1791,26.2874,27.3228,27.6599,27.9149,16.5949,19.4687,20.7311,21.166,0.0063,0.0078,0.0086,0.01,0.0063,0.0078,0.0086,0.01,250.7,926.5,5826.6,8792.9,362.9,6578.4,8587.4,8718.3,273.8,654.6,796.2,907.9,1.9,68.2,740.2,1102.7,0.8,1231.9,1787.3,1825.4,0.0,341.5,400.7,453.2,0.2,0.7,1.0,1.1,0.0,0.0,0.0,0.0,8.6564
PIE,before,Before_PIE_03,ThirtyTwoWhole,194a0dbddacf9c5ea5d6b19f66773c2effb984c0,6668FAD744D2B2F3B6829FF1B1668354641A799BAF6EE697FD65D8DE3C4B386F,360,56.11239999961981,31.293099998947582,41.7317000010371,48.77730000043812,115.69239999880665,102,1,3,0,0,39,3,31,29,27,32,27,27,27,27,0,0,0,0,120,147,120,147,81,81,81,81,0,6359040,0,6359040,4314308608,4358144000,4314308608,4358144000,64175,64229,64175,64229,3528749056,3530555392,3530555392,16.6051,26.78,41.9038,115.2672,0.0002,0.0005,0.0069,0.0072,0.1755,0.3247,0.4508,0.4735,26.4075,27.3767,27.7664,27.8389,14.1445,17.4916,18.5047,19.2319,0.0063,0.0089,0.0102,0.015,0.0063,0.0089,0.0102,0.015,1104.8,2938.3,3737.5,40200.3,1204.4,9362.7,15938.5,20171.0,775.7,1264.0,1660.4,2030.7,5.0,254.2,325.0,5268.9,1.8,1623.5,2338.3,3598.7,0.0,1220.8,1358.2,2289.5,0.5,1.5,2.4,3.9,0.0,0.0,0.0,0.0,13.8635
PIE,before,Before_PIE_03,PartialNewThenRepeat,194a0dbddacf9c5ea5d6b19f66773c2effb984c0,6668FAD744D2B2F3B6829FF1B1668354641A799BAF6EE697FD65D8DE3C4B386F,360,23.656999999730033,20.143400000961265,31.957799999872805,45.2411000005668,53.68749999979627,13,0,1,0,0,7,0,1,1,1,1,1,1,1,1,1,1,1,1,2,2,2,2,1,1,1,1,0,3809280,0,3809280,4371537920,4405653504,4371537920,4415098880,64287,64287,64287,64287,3539861504,3539861504,3539861504,10.9736,18.1318,38.4887,55.9243,0.0002,0.0004,0.0057,0.007,0.1921,4.0663,4.3113,7.4938,16.0885,26.5548,27.8989,33.2362,9.987,15.8101,21.4096,21.8864,0.0062,0.0083,0.0103,0.0105,0.0062,0.0083,0.0103,0.0105,2453.1,5514.1,14667.3,19014.5,0.9,79.3,4857.4,12399.1,0.0,185.4,473.9,654.5,0.0,1.1,9.5,5585.8,0.0,0.9,1.5,1245.2,0.0,0.0,2004.0,2522.0,0.5,482.2,11618.9,12255.5,0.0,0.0,0.0,0.0,5.5667
PIE,before,Before_PIE_03,Overlap64,194a0dbddacf9c5ea5d6b19f66773c2effb984c0,6668FAD744D2B2F3B6829FF1B1668354641A799BAF6EE697FD65D8DE3C4B386F,360,349.2314000013721,31.287699999666074,34.00890000011714,35.22290000000794,802.4642000000313,51,1,1,65,65,15,4,1,1,1,1,1,1,1,1,1,1,1,1,2,2,2,2,1,1,1,1,3809280,3809280,3809280,3809280,4428750848,4421943296,4421705728,4429254656,65679,65679,65679,65679,3547725824,3547725824,3547725824,13.3431,14.9187,15.9693,792.306,0.0002,0.0004,0.005,0.0068,0.1772,3.8717,4.1365,4.4361,26.3251,27.3801,28.1113,28.916,18.0778,19.9956,20.7982,20.999,0.0062,0.009,0.0104,0.0272,0.0062,0.009,0.0104,0.0272,121.9,156.3,175.8,182.1,0.5,0.8,1.0,388763.2,72.5,86.6,105.5,2113.0,0.0,0.0,0.0,10464.2,0.0,0.0,0.0,312959.4,0.0,0.0,0.0,7951.3,0.0,0.0,0.0,25221.1,0.0,0.0,0.0,0.0,0.2364
PIE,before,Before_PIE_03,SameIdentity64,194a0dbddacf9c5ea5d6b19f66773c2effb984c0,6668FAD744D2B2F3B6829FF1B1668354641A799BAF6EE697FD65D8DE3C4B386F,360,391.7786000001797,30.965199999627657,33.70329999961541,34.614899999724,1307.1274000012636,36,1,1,65,65,8,5,1,1,1,1,1,1,1,1,1,1,1,1,2,2,2,2,1,1,1,1,3809280,3809280,3809280,3809280,4429639680,4426137600,4426080256,4429996032,66733,66733,66733,66733,3555868672,3555868672,3555868672,13.1855,14.5926,15.2763,1269.3729,0.0002,0.0004,0.006,0.0068,0.1777,3.844,4.1251,4.4576,25.9403,27.1679,27.3783,29.1453,17.9581,20.1297,20.6135,27.7339,0.0062,0.0078,0.0089,0.0097,0.0062,0.0078,0.0089,0.0097,120.6,150.9,176.7,189.0,0.3,0.6,0.7,855241.1,72.2,88.4,113.1,1819.5,0.0,0.0,0.0,10931.9,0.0,0.0,0.0,706582.0,0.0,0.0,0.0,8087.0,0.0,0.0,0.0,94718.3,0.0,0.0,0.0,0.0,0.2165
PIE,before,Before_PIE_03,Distributed184,194a0dbddacf9c5ea5d6b19f66773c2effb984c0,6668FAD744D2B2F3B6829FF1B1668354641A799BAF6EE697FD65D8DE3C4B386F,360,1088.235799999893,31.280499999411404,34.33079999922484,39.10300000097777,3636.9107000009535,53,1,6,185,185,10,6,121,121,121,121,121,121,121,121,121,121,121,121,122,122,122,122,361,361,361,361,44966912,44966912,44966912,44966912,4562464768,4554723328,4547555328,4564353024,69655,69655,69655,69655,3579248640,3579248640,3579248640,13.4818,15.1767,16.836,3576.0432,0.0002,0.0004,0.0006,0.0068,0.178,3.7685,4.0402,4.3562,26.459,27.5761,35.4416,77.6297,17.9741,20.2537,24.2241,38.4806,0.0063,0.0082,0.01,0.0129,0.0063,0.0082,0.01,0.0129,123.1,160.1,177.6,231.4,0.3,0.6,0.8,2425875.8,72.5,90.1,124.5,6422.3,0.0,0.0,0.0,88450.1,0.0,0.0,0.0,1985217.2,0.0,0.0,0.0,23400.5,0.0,0.0,0.0,272228.4,0.0,0.0,0.0,0.0,0.2361
PIE,before,Before_PIE_03,FastSweep90,194a0dbddacf9c5ea5d6b19f66773c2effb984c0,6668FAD744D2B2F3B6829FF1B1668354641A799BAF6EE697FD65D8DE3C4B386F,180,402.9028999993898,19.439699999566074,21.358400001190603,48.90530000011495,844.8103999999148,2,1,1,65,65,15,4,1,1,1,1,1,1,1,1,1,1,1,1,2,2,2,2,1,1,1,1,3809280,3809280,3809280,3809280,4555632640,4556013568,4555632640,4556013568,70919,70919,70919,70919,3587112960,3533926400,3587112960,8.0698,10.4431,35.4514,817.2433,0.0002,0.0004,0.0006,0.0006,0.1739,0.3693,0.5322,0.6092,15.5863,16.3411,29.0971,29.3043,11.3413,12.5564,13.2049,17.1281,0.0065,0.0086,0.0096,0.0104,0.0065,0.0086,0.0096,0.0104,48.2,57.8,125.4,130.9,0.5,0.7,1.3,376367.1,0.0,0.0,79.6,1527.1,0.0,0.0,0.0,9655.3,0.0,0.0,0.0,307215.0,0.0,0.0,0.0,7572.0,0.0,0.0,0.0,23608.9,0.0,0.0,0.0,0.0,0.1458
PIE,before,Before_PIE_03,FastSweep160,194a0dbddacf9c5ea5d6b19f66773c2effb984c0,6668FAD744D2B2F3B6829FF1B1668354641A799BAF6EE697FD65D8DE3C4B386F,180,348.29459999855317,19.38279999922088,21.25780000096711,27.235100000325474,789.8686000007729,1,1,1,65,65,15,4,1,1,1,1,1,1,1,1,1,1,1,1,2,2,2,2,1,1,1,1,3809280,3809280,3809280,3809280,4556513280,4556591104,4556513280,4556591104,70919,70919,70919,70919,3541790720,3541790720,3541790720,7.937,9.085,30.2323,779.4811,0.0002,0.0004,0.0052,0.0056,0.1802,0.336,0.4042,0.4358,15.5359,16.3766,29.1066,29.1066,11.3595,12.6456,13.077,19.5251,0.0065,0.0082,0.0095,0.0099,0.0065,0.0082,0.0095,0.0099,47.6,60.4,123.6,135.0,0.4,0.9,1.3,377023.9,0.0,0.0,77.4,1525.0,0.0,0.0,0.0,9632.2,0.0,0.0,0.0,307483.0,0.0,0.0,0.0,7667.6,0.0,0.0,0.0,23814.1,0.0,0.0,0.0,0.0,0.1403
PIE,before,Before_PIE_03,StationaryStop,194a0dbddacf9c5ea5d6b19f66773c2effb984c0,6668FAD744D2B2F3B6829FF1B1668354641A799BAF6EE697FD65D8DE3C4B386F,360,8.745899998757523,20.271400000638096,21.902899999986403,32.013599999118014,33.81690000060189,2,0,1,1,1,7,0,2,2,2,2,2,2,2,2,1,1,1,1,6,6,6,6,4,4,4,4,3809280,5062656,3809280,5062656,4556599296,4555255808,4555218944,4565307392,70919,70919,70919,70919,3542196224,3542196224,3542196224,8.3259,11.2228,16.7748,35.7182,0.0002,0.0004,0.006,0.0072,0.1798,0.4285,0.6121,4.2237,16.249,17.2245,26.5402,32.0602,11.772,13.2419,15.419,24.2024,0.0062,0.0078,0.0096,0.0254,0.0062,0.0078,0.0096,0.0254,59.3,75.8,153.8,15140.9,13.3,1809.9,2796.9,3066.2,12.4,14.9,198.1,429.4,4.3,1323.9,2115.4,2159.4,0.7,214.3,371.2,411.5,0.0,0.0,0.0,684.7,0.0,0.0,0.0,0.5,0.0,0.0,0.0,0.0,2.1092
PIE,before,Before_PIE_03,LongRepeatDistributed,194a0dbddacf9c5ea5d6b19f66773c2effb984c0,6668FAD744D2B2F3B6829FF1B1668354641A799BAF6EE697FD65D8DE3C4B386F,1800,1026.9232999999076,31.251399999746354,33.972899998843786,34.962899999300134,3576.1994999993476,260,1,3,186,186,10,6,122,122,122,122,122,122,122,122,121,121,121,121,126,126,126,126,364,364,364,364,46220288,46220288,46220288,46220288,4592840704,4592545792,4576694272,4605218816,70919,70919,70919,70919,3565576192,3549569024,3565576192,13.5816,15.2527,16.6243,3535.8174,0.0002,0.0004,0.0013,0.0079,0.1821,3.8895,4.1333,4.6109,26.4386,27.5642,27.8819,68.6235,17.8192,19.9983,20.5583,25.6773,0.0064,0.0084,0.0103,0.0523,0.0064,0.0084,0.0103,0.0523,122.9,160.5,189.5,625.4,0.4,0.7,0.8,2425303.4,72.4,95.8,114.9,6737.1,0.0,0.0,0.0,79834.1,0.0,0.0,0.0,1984230.0,0.0,0.0,0.0,23363.1,0.0,0.0,0.0,279924.0,0.0,0.0,0.0,0.0,0.2374
PIE,before,Before_PIE_03,ActualNewKnowledge,194a0dbddacf9c5ea5d6b19f66773c2effb984c0,6668FAD744D2B2F3B6829FF1B1668354641A799BAF6EE697FD65D8DE3C4B386F,360,28.31049999986135,20.370700000057695,31.93259999898146,46.69190000095114,55.25390000002517,12,0,1,1,1,7,0,2,7,2,7,2,7,2,7,1,1,1,1,6,11,6,11,4,19,4,19,3809280,11329536,3809280,11329536,4590473216,4601110528,4590473216,4607655936,70919,70919,70919,70919,3549974528,3551940608,3551940608,8.5331,15.31,35.1791,54.9697,0.0002,0.0004,0.0067,0.0069,0.1802,0.3566,4.0135,4.9803,16.2104,26.4212,27.9903,28.3194,11.7232,19.0791,24.6839,25.9586,0.0062,0.0083,0.0109,0.0112,0.0062,0.0083,0.0109,0.0112,67.5,142.8,14812.5,15107.3,75.9,1492.4,5431.9,5848.8,0.0,219.9,693.9,813.1,1.3,1236.3,4214.0,5260.0,0.8,7.2,394.9,473.9,0.0,0.0,687.5,730.4,0.0,0.2,0.3,0.6,0.0,0.0,0.0,0.0,3.2798000000000003
PIE,after,After_PIE_01,Empty,5ec64c1d8dfef1e20d13ed98fc3c6617828d9170,AE4AB439A898C6467604E4C35064BB7D24D578B29E98B8095C122713B96D1ABD,240,0.13140000010025688,26.29479999995965,32.58370000003197,34.25690000040049,35.693399999217945,8,0,1,0,0,7,0,0,0,0,0,0,0,0,0,0,0,0,0,0,0,0,0,0,0,0,0,0,0,0,0,4290486272,4304211968,4290486272,4319145984,62830,62830,62830,62830,3524325376,3524620288,3524710400,17.6305,22.2309,23.4275,25.0375,0.0002,0.0004,0.0005,0.0006,0.1508,3.0522,3.4073,4.4812,16.9597,19.4296,20.2212,21.6402,6.6707,13.1991,14.8775,16.6207,0.0063,0.0084,0.0112,0.012,0.0063,0.0084,0.0112,0.012,120.4,171.5,192.4,211.8,0.3,0.6,0.7,0.8,73.9,114.5,134.5,158.4,0.0,0.0,0.0,0.0,0.0,0.0,0.0,0.0,0.0,0.0,0.0,0.0,0.0,0.0,0.0,0.0,0.0,0.0,0.0,0.0,0.2216
PIE,after,After_PIE_01,OneWhole,5ec64c1d8dfef1e20d13ed98fc3c6617828d9170,AE4AB439A898C6467604E4C35064BB7D24D578B29E98B8095C122713B96D1ABD,300,2.3105999989638804,25.948300000891322,30.49490000012156,33.90840000065509,49.818399998912355,3,0,1,0,0,8,1,1,1,1,1,1,1,1,1,0,0,0,0,4,4,4,4,3,3,3,3,0,235520,0,235520,4284715008,4273147904,4263698432,4296249344,62830,62830,62830,62830,3524698112,3524698112,3524698112,17.761,22.5096,32.4904,35.7086,0.0002,0.0004,0.0006,0.0006,0.1417,0.2751,3.2452,3.5491,16.985,19.3286,20.9146,23.995,6.2717,11.9543,13.1856,14.1039,0.0063,0.0093,0.011,0.0133,0.0063,0.0093,0.011,0.0133,140.7,237.4,421.4,11910.7,50.3,97.5,121.7,553.1,98.6,129.5,178.6,300.5,0.4,3.1,4.7,318.9,0.4,0.9,1.2,76.2,0.0,98.9,112.4,126.2,0.2,0.3,0.5,60.2,0.0,0.0,0.0,0.0,0.43510000000000004
PIE,after,After_PIE_01,EightWhole,5ec64c1d8dfef1e20d13ed98fc3c6617828d9170,AE4AB439A898C6467604E4C35064BB7D24D578B29E98B8095C122713B96D1ABD,300,14.678100000310224,25.993499999458436,32.122200000230805,40.30450000027486,47.357999999803724,9,0,1,0,0,15,2,8,8,8,9,8,8,8,8,0,0,0,0,32,50,32,50,24,24,24,24,0,1884160,0,1884160,4273135616,4298158080,4273135616,4298199040,62830,62830,62830,62830,3525320704,3526524928,3526524928,19.2068,26.3836,32.7884,47.5051,0.0002,0.0004,0.0006,0.0007,0.1463,0.2642,3.5691,3.7466,17.1222,19.3188,20.8344,21.2504,5.5722,11.4667,12.8714,13.1481,0.0063,0.0088,0.0125,0.0624,0.0063,0.0088,0.0125,0.0624,269.8,900.7,2994.0,4650.0,372.4,6554.4,9189.6,9751.9,281.0,707.5,846.1,1014.3,2.0,65.7,313.4,1417.0,1.0,991.9,1517.8,1802.4,0.0,282.1,377.0,548.3,0.2,0.7,1.0,1.2,0.0,0.0,0.0,0.0,8.5602
PIE,after,After_PIE_01,ThirtyTwoWhole,5ec64c1d8dfef1e20d13ed98fc3c6617828d9170,AE4AB439A898C6467604E4C35064BB7D24D578B29E98B8095C122713B96D1ABD,360,61.87540000064473,25.969700000132434,38.020899999537505,54.37759999949776,124.26150000101188,35,1,3,0,0,39,3,31,31,27,33,27,27,27,27,0,0,0,0,120,198,120,198,81,81,81,81,0,6359040,0,6359040,4297605120,4328321024,4297605120,4328321024,64318,64474,64318,64474,3529428992,3534647296,3534647296,25.2247,39.061,59.1726,124.4958,0.0002,0.0005,7.0877,9.4893,0.1365,0.2315,3.2523,3.5623,17.2532,19.5612,20.6424,21.5594,0.0014,0.0066,5.8206,6.4988,0.0063,0.0102,19.442,27.5355,0.0063,0.0096,0.0115,0.1717,789.5,3476.6,4194.8,17139.2,1377.1,13306.1,19439.9,33621.4,837.9,1599.8,2124.7,2729.3,5.0,230.0,282.1,5231.8,2.2,1614.1,2826.7,3936.1,0.0,989.4,1219.2,2255.3,0.3,1.6,2.0,4.2,0.0,0.0,0.0,0.0,19.8415
PIE,after,After_PIE_01,PartialNewThenRepeat,5ec64c1d8dfef1e20d13ed98fc3c6617828d9170,AE4AB439A898C6467604E4C35064BB7D24D578B29E98B8095C122713B96D1ABD,360,24.725499999476597,23.792799998773262,30.511599999954342,47.14630000125908,57.39060000087193,10,0,1,0,0,7,0,1,1,1,1,1,1,1,1,1,1,1,1,2,2,2,2,1,1,1,1,0,3809280,0,3809280,4338397184,4344418304,4338397184,4344557568,64532,64532,64532,64532,3543953408,3543953408,3543953408,15.79,24.4637,41.3371,62.2336,0.0002,0.0004,0.0007,0.0075,0.1483,3.11,3.2631,3.4616,16.0484,18.9838,20.8608,24.3988,5.8332,12.7044,13.5948,14.6749,0.0063,0.0091,0.0105,0.0521,0.0063,0.0091,0.0105,0.0521,3168.7,5190.5,10345.5,17816.2,1.2,81.6,4701.2,12493.4,0.0,187.9,483.3,784.6,0.0,1.2,8.3,5842.5,0.0,1.0,1.5,1234.0,0.0,0.0,1717.2,2051.2,0.4,19.3,11595.3,11938.0,0.0,0.0,0.0,0.0,5.2467
PIE,after,After_PIE_01,Overlap64,5ec64c1d8dfef1e20d13ed98fc3c6617828d9170,AE4AB439A898C6467604E4C35064BB7D24D578B29E98B8095C122713B96D1ABD,360,182.6989000001049,25.88099999957194,31.140200000663754,33.578700000362005,522.9466000000684,8,1,2,65,65,15,4,65,1,1,65,65,1,1,65,65,1,1,65,66,2,2,66,193,1,1,193,25026560,3809280,3809280,25026560,4362244096,4364267520,4362244096,4364357632,65924,65924,65924,65924,3551817728,3551817728,3551817728,17.596,22.6082,26.1912,519.3637,0.0002,0.0004,0.0005,0.0006,0.1448,3.0899,3.4537,3.843,16.9582,19.1265,20.8995,21.4379,6.3975,12.6986,13.7223,15.7688,0.0065,0.0087,0.0107,0.0195,0.0065,0.0087,0.0107,0.0195,121.6,167.9,192.7,299.4,0.5,0.9,1.1,278695.2,74.9,112.1,137.8,2624.9,0.0,0.0,0.0,9779.2,0.0,0.0,0.0,227328.2,0.0,0.0,0.0,7723.6,0.0,0.0,0.0,21743.3,0.0,0.0,0.0,0.0,0.25660000000000005
PIE,after,After_PIE_01,SameIdentity64,5ec64c1d8dfef1e20d13ed98fc3c6617828d9170,AE4AB439A898C6467604E4C35064BB7D24D578B29E98B8095C122713B96D1ABD,360,201.31700000092678,25.701399999888963,31.408599999849685,34.4122000005882,925.4169000014372,7,1,1,65,65,8,5,1,1,1,1,1,1,1,1,1,1,1,1,2,2,2,2,1,1,1,1,3809280,3809280,3809280,3809280,4368744448,4369424384,4368744448,4369424384,66978,66978,66978,66978,3559960576,3559960576,3559960576,17.9956,22.5088,24.9155,900.9429,0.0002,0.0004,0.0005,0.0007,0.1423,0.2769,3.2939,3.7641,16.9403,18.5022,19.6843,22.7613,6.2743,12.2079,13.8431,16.7652,0.0068,0.01,0.0126,0.0239,0.0068,0.01,0.0126,0.0239,120.4,161.5,196.0,314.5,0.3,0.6,0.8,662385.5,74.3,108.2,135.7,1741.3,0.0,0.0,0.0,10502.7,0.0,0.0,0.0,519740.1,0.0,0.0,0.0,7964.6,0.0,0.0,0.0,89733.0,0.0,0.0,0.0,0.0,0.2359
PIE,after,After_PIE_01,Distributed184,5ec64c1d8dfef1e20d13ed98fc3c6617828d9170,AE4AB439A898C6467604E4C35064BB7D24D578B29E98B8095C122713B96D1ABD,360,602.7663000004395,26.228799999444163,30.88199999911012,34.94440000031318,2624.316800000088,9,1,2,185,185,10,6,121,121,121,121,121,121,121,121,121,121,121,121,122,122,122,122,361,361,361,361,44966912,44966912,44966912,44966912,4510334976,4491603968,4491563008,4510965760,69900,69900,69900,69900,3583340544,3549163520,3583340544,18.3391,23.1075,27.8549,2584.3655,0.0002,0.0004,0.0006,0.0007,0.1445,2.9341,3.3437,3.5379,16.9496,19.1269,32.9257,34.0401,6.0886,12.5687,14.5661,20.0351,0.0065,0.0085,0.0106,0.0113,0.0065,0.0085,0.0106,0.0113,120.0,163.4,182.6,271.4,0.4,0.6,0.8,1893897.7,73.9,96.5,155.7,6391.3,0.0,0.0,0.0,86398.8,0.0,0.0,0.0,1470914.6,0.0,0.0,0.0,23083.6,0.0,0.0,0.0,258025.7,0.0,0.0,0.0,0.0,0.2395
PIE,after,After_PIE_01,FastSweep90,5ec64c1d8dfef1e20d13ed98fc3c6617828d9170,AE4AB439A898C6467604E4C35064BB7D24D578B29E98B8095C122713B96D1ABD,180,204.8265999983414,24.64970000073663,28.728299999784213,34.11270000106015,570.9831999993185,4,1,1,65,65,15,4,1,1,1,1,1,1,1,1,1,1,1,1,2,2,2,2,1,1,1,1,3809280,3809280,3809280,3809280,4492259328,4493602816,4492259328,4493602816,69900,69900,69900,69900,3557027840,3557027840,3557027840,14.5021,21.2347,35.7399,557.6616,0.0002,0.0004,0.0006,0.0007,0.1528,3.0618,3.1919,3.5035,15.5309,18.7843,19.4808,22.5343,6.1023,14.1274,16.0364,16.5487,0.0066,0.0083,0.0106,0.0113,0.0066,0.0083,0.0106,0.0113,47.1,56.8,132.2,138.1,0.5,0.8,1.0,295609.9,0.0,0.0,79.9,1514.9,0.0,0.0,0.0,9804.2,0.0,0.0,0.0,227649.0,0.0,0.0,0.0,7447.0,0.0,0.0,0.0,22776.8,0.0,0.0,0.0,0.0,0.1365
PIE,after,After_PIE_01,FastSweep160,5ec64c1d8dfef1e20d13ed98fc3c6617828d9170,AE4AB439A898C6467604E4C35064BB7D24D578B29E98B8095C122713B96D1ABD,180,218.6215000001539,23.97439999913331,27.769500000431435,31.530299998848932,580.6800000009389,1,1,1,65,65,15,4,1,1,1,1,1,1,1,1,1,1,1,1,2,2,2,2,1,1,1,1,3809280,3809280,3809280,3809280,4493991936,4494098432,4493991936,4494098432,69900,69900,69900,69900,3564892160,3564892160,3564892160,14.5948,20.9199,33.1125,562.3064,0.0002,0.0004,0.0007,0.0017,0.1558,3.116,3.3308,3.7533,15.5814,18.3657,19.0177,19.2464,6.029,12.6457,14.3903,17.4232,0.0068,0.0094,0.011,0.0122,0.0068,0.0094,0.011,0.0122,47.1,56.8,148.4,158.3,0.5,0.8,4.5,294257.8,0.0,0.0,81.9,1530.5,0.0,0.0,0.0,9654.1,0.0,0.0,0.0,226805.3,0.0,0.0,0.0,7443.4,0.0,0.0,0.0,22487.2,0.0,0.0,0.0,0.0,0.1468
PIE,after,After_PIE_01,StationaryStop,5ec64c1d8dfef1e20d13ed98fc3c6617828d9170,AE4AB439A898C6467604E4C35064BB7D24D578B29E98B8095C122713B96D1ABD,360,9.473600001001614,24.546399999962887,29.451000000335625,32.533600000533625,36.1494999997376,3,0,1,1,1,7,0,2,2,2,2,2,2,2,2,1,1,1,1,6,6,6,6,4,4,4,4,3809280,5062656,3809280,5062656,4494127104,4490002432,4489768960,4494782464,69900,69900,69900,69900,3565297664,3565297664,3565297664,14.5528,21.3462,24.1532,35.2921,0.0002,0.0004,0.0005,0.0006,0.1539,3.1189,3.3659,3.7675,15.9877,19.0777,21.0451,22.5565,6.7357,13.7933,15.3154,17.5884,0.0068,0.0085,0.01,0.0122,0.0068,0.0085,0.01,0.0122,57.9,77.5,157.0,4546.4,13.1,1496.9,2650.7,3260.8,0.0,15.5,208.6,278.7,1.0,1049.9,1799.4,1905.2,0.8,194.1,394.0,502.2,0.0,0.0,0.0,850.5,0.0,0.0,0.0,0.9,0.0,0.0,0.0,0.0,1.777
PIE,after,After_PIE_01,LongRepeatDistributed,5ec64c1d8dfef1e20d13ed98fc3c6617828d9170,AE4AB439A898C6467604E4C35064BB7D24D578B29E98B8095C122713B96D1ABD,1800,596.6568000003463,26.37680000043474,31.45580000091286,34.68969999994442,2617.5366999996186,43,1,2,186,186,10,6,122,122,122,122,122,122,122,122,121,121,121,121,126,126,126,126,364,364,364,364,46220288,46220288,46220288,46220288,4527910912,4532719616,4517691392,4532719616,69900,69900,69900,69900,3588677632,3549569024,3588677632,18.0774,22.9417,24.2509,2544.1787,0.0002,0.0004,0.0006,0.0063,0.1459,0.2695,3.3716,3.5733,17.1592,19.2096,20.7576,36.999,6.3465,12.597,14.1524,55.2383,0.0066,0.0092,0.0114,0.0325,0.0066,0.0092,0.0114,0.0325,121.6,162.7,192.2,330.4,0.4,0.7,0.8,1892750.4,75.0,97.9,132.0,6493.9,0.0,0.0,0.0,78990.1,0.0,0.0,0.0,1473865.8,0.0,0.0,0.0,22392.2,0.0,0.0,0.0,260581.7,0.0,0.0,0.0,0.0,0.24259999999999998
PIE,after,After_PIE_01,ActualNewKnowledge,5ec64c1d8dfef1e20d13ed98fc3c6617828d9170,AE4AB439A898C6467604E4C35064BB7D24D578B29E98B8095C122713B96D1ABD,360,30.223699999623932,24.40309999838064,29.211900000518654,36.71600000052422,66.50669999908132,5,0,1,1,1,7,0,2,7,2,7,2,7,2,7,1,1,1,1,6,11,6,11,4,19,4,19,3809280,11329536,3809280,11329536,4530003968,4531150848,4530003968,4532494336,69900,69900,69900,69900,3549974528,3551940608,3551940608,14.9827,22.8823,31.4857,59.5756,0.0002,0.0004,0.0006,0.0035,0.1509,3.1501,3.3533,3.4226,16.2681,19.229,20.3522,20.9985,6.1776,13.1143,14.8586,17.4667,0.0065,0.009,0.0107,0.0148,0.0065,0.009,0.0107,0.0148,60.8,127.8,4494.2,4643.1,71.5,1486.8,5113.1,6780.1,0.0,204.2,782.7,1388.4,1.4,1106.1,4171.5,4396.8,1.0,7.6,387.0,447.1,0.0,0.0,672.4,751.7,0.0,0.3,0.5,0.6,0.0,0.0,0.0,0.0,3.134
PIE,after,After_PIE_02,Empty,5ec64c1d8dfef1e20d13ed98fc3c6617828d9170,AE4AB439A898C6467604E4C35064BB7D24D578B29E98B8095C122713B96D1ABD,240,0.11889999950653873,26.5583999989758,32.78839999984484,34.885500001109904,50.92279999917082,9,0,1,0,0,7,0,0,0,0,0,0,0,0,0,0,0,0,0,0,0,0,0,0,0,0,0,0,0,0,0,4290834432,4250402816,4250247168,4307431424,62830,62830,62830,62830,3524325376,3524620288,3524710400,17.4652,22.3836,23.4427,25.2918,0.0002,0.0004,0.0014,0.0425,0.1473,2.9648,3.3986,3.8678,17.0179,19.0955,20.5591,20.9408,6.8796,12.8378,14.4177,30.5806,0.0065,0.0092,0.0117,0.0144,0.0065,0.0092,0.0117,0.0144,120.0,159.1,185.0,232.5,0.3,0.6,0.8,0.9,73.7,92.1,101.0,119.1,0.0,0.0,0.0,0.0,0.0,0.0,0.0,0.0,0.0,0.0,0.0,0.0,0.0,0.0,0.0,0.0,0.0,0.0,0.0,0.0,0.21359999999999998
PIE,after,After_PIE_02,OneWhole,5ec64c1d8dfef1e20d13ed98fc3c6617828d9170,AE4AB439A898C6467604E4C35064BB7D24D578B29E98B8095C122713B96D1ABD,300,2.0191999992675846,26.22450000126264,31.124800001634867,34.47749999941152,61.545399999886286,7,0,1,0,0,8,1,1,1,1,1,1,1,1,1,0,0,0,0,4,4,4,4,3,3,3,3,0,235520,0,235520,4251676672,4240941056,4225282048,4252151808,62830,62830,62830,62830,3524698112,3524698112,3524698112,17.7967,22.6918,26.2237,42.5396,0.0002,0.0004,0.0051,0.0067,0.1418,3.1688,3.3496,3.4286,17.0606,19.4944,21.386,24.8338,6.3368,12.8172,14.2327,21.8233,0.0065,0.0088,0.0107,0.0126,0.0065,0.0088,0.0107,0.0126,140.0,250.6,288.6,12078.4,49.5,96.7,110.3,573.7,97.3,119.8,179.4,185.3,0.3,2.9,4.3,324.1,0.5,0.9,1.4,87.8,0.0,99.1,122.5,128.9,0.2,0.3,0.5,0.7,0.0,0.0,0.0,0.0,0.4332
PIE,after,After_PIE_02,EightWhole,5ec64c1d8dfef1e20d13ed98fc3c6617828d9170,AE4AB439A898C6467604E4C35064BB7D24D578B29E98B8095C122713B96D1ABD,300,15.295400000468362,25.95839999958116,33.12069999992673,44.30289999982051,46.22339999878022,15,0,1,0,0,15,2,8,8,8,9,8,8,8,8,0,0,0,0,32,50,32,50,24,24,24,24,0,1884160,0,1884160,4240011264,4256522240,4240011264,4256522240,62830,62830,62830,62830,3525320704,3526524928,3526524928,19.7281,26.3615,31.2573,49.7757,0.0002,0.0004,0.0007,0.0008,0.1401,0.2085,0.274,3.3111,17.0928,18.9545,20.7321,21.0813,5.5959,11.4494,13.3241,13.6259,0.0066,0.0081,0.0104,0.0142,0.0066,0.0081,0.0104,0.0142,252.0,901.1,2229.7,4752.1,363.8,7242.4,9634.6,9881.1,280.4,662.6,784.4,855.5,2.0,64.7,619.1,916.7,0.9,490.0,1333.5,1988.0,0.0,282.0,366.8,442.4,0.2,0.7,1.1,1.3,0.0,0.0,0.0,0.0,9.3264
PIE,after,After_PIE_02,ThirtyTwoWhole,5ec64c1d8dfef1e20d13ed98fc3c6617828d9170,AE4AB439A898C6467604E4C35064BB7D24D578B29E98B8095C122713B96D1ABD,360,63.75569999909203,25.318299998616567,41.26340000038908,49.33970000092813,125.68549999923562,38,1,3,0,0,39,3,31,31,27,33,27,27,27,27,0,0,0,0,120,192,120,192,81,81,81,81,0,6359040,0,6359040,4257062912,4232658944,4227780608,4280950784,64318,64462,64318,64462,3529428992,3534245888,3534245888,23.6641,38.4935,48.7985,125.0568,0.0002,0.0004,0.0061,9.2213,0.1411,0.2458,3.6137,3.994,17.2806,19.8558,20.7679,21.0838,0.0015,5.5926,8.6286,10.2304,0.0063,0.0092,0.0121,33.3858,0.0063,0.0092,0.0119,0.0228,901.7,3291.3,3992.5,17117.2,1232.2,13928.2,23425.8,26029.5,801.0,1465.4,2103.2,2375.1,5.2,210.6,334.0,5358.5,2.1,1617.9,2473.9,2812.8,0.0,967.4,1189.0,2701.9,0.3,1.5,1.8,3.4,0.0,0.0,0.0,0.0,19.7837
PIE,after,After_PIE_02,PartialNewThenRepeat,5ec64c1d8dfef1e20d13ed98fc3c6617828d9170,AE4AB439A898C6467604E4C35064BB7D24D578B29E98B8095C122713B96D1ABD,360,24.578599999586004,23.862800000642892,31.014000000141095,43.85149999870919,57.86820000139414,12,0,1,0,0,7,0,1,1,1,1,1,1,1,1,1,1,1,1,2,2,2,2,1,1,1,1,0,3809280,0,3809280,4244836352,4269617152,4244836352,4269617152,64520,64520,64520,64520,3543552000,3543552000,3543552000,15.5141,24.6633,37.653,58.0648,0.0002,0.0004,0.0006,0.0062,0.1478,3.1021,3.3888,3.5841,16.0478,18.7365,19.9037,20.7108,5.8593,12.6371,14.2148,14.9336,0.0063,0.009,0.0104,0.0164,0.0063,0.009,0.0104,0.0164,3049.8,5268.2,10170.6,20178.0,1.2,80.4,4464.5,11318.8,0.0,134.0,463.9,518.7,0.0,1.1,8.7,4881.6,0.0,1.0,1.2,1239.9,0.0,0.0,1667.4,2536.8,0.3,1.7,11478.4,12151.9,0.0,0.0,0.0,0.0,5.3292
PIE,after,After_PIE_02,Overlap64,5ec64c1d8dfef1e20d13ed98fc3c6617828d9170,AE4AB439A898C6467604E4C35064BB7D24D578B29E98B8095C122713B96D1ABD,360,184.8623999994743,26.16429999943648,31.321400001615984,34.02469999855384,547.5893000002543,5,1,1,65,65,15,4,1,1,1,1,1,1,1,1,1,1,1,1,2,2,2,2,1,1,1,1,3809280,3809280,3809280,3809280,4300357632,4295720960,4295630848,4300587008,65912,65912,65912,65912,3551416320,3551416320,3551416320,18.22,22.5723,27.3479,541.7238,0.0002,0.0004,0.0007,0.0063,0.1419,0.3742,3.3717,4.3439,16.9786,19.038,20.6854,20.9146,6.2018,12.5256,13.3833,16.0604,0.0064,0.0083,0.0101,0.0137,0.0064,0.0083,0.0101,0.0137,120.7,158.7,178.7,246.8,0.5,0.8,1.0,297351.0,73.9,91.5,110.1,1972.2,0.0,0.0,0.0,10035.2,0.0,0.0,0.0,228126.3,0.0,0.0,0.0,7483.4,0.0,0.0,0.0,22923.4,0.0,0.0,0.0,0.0,0.242
PIE,after,After_PIE_02,SameIdentity64,5ec64c1d8dfef1e20d13ed98fc3c6617828d9170,AE4AB439A898C6467604E4C35064BB7D24D578B29E98B8095C122713B96D1ABD,360,205.08669999981066,26.254700000208686,30.963900000642752,34.54339999916556,934.4091000002663,9,1,1,65,65,8,5,1,1,1,1,1,1,1,1,1,1,1,1,2,2,2,2,1,1,1,1,3809280,3809280,3809280,3809280,4321198080,4328374272,4321198080,4328374272,66966,66966,66966,66966,3559559168,3559559168,3559559168,18.2213,22.8184,25.1427,903.3829,0.0002,0.0004,0.0061,0.0072,0.1499,0.6282,3.4198,3.6716,16.882,19.0708,19.8032,20.6806,6.2089,12.5411,14.5302,18.051,0.0064,0.0091,0.0109,0.0114,0.0064,0.0091,0.0109,0.0114,121.3,161.3,189.9,227.0,0.3,0.6,0.8,664123.4,74.8,94.2,109.0,1852.8,0.0,0.0,0.0,10853.8,0.0,0.0,0.0,519465.0,0.0,0.0,0.0,8399.5,0.0,0.0,0.0,91168.7,0.0,0.0,0.0,0.0,0.22590000000000002
PIE,after,After_PIE_02,Distributed184,5ec64c1d8dfef1e20d13ed98fc3c6617828d9170,AE4AB439A898C6467604E4C35064BB7D24D578B29E98B8095C122713B96D1ABD,360,577.9471999994712,26.131099999474827,31.261199999789824,34.03660000003583,2611.0605000012583,8,1,2,185,185,10,6,121,121,121,121,121,121,121,121,121,121,121,121,122,122,122,122,361,361,361,361,44966912,44966912,44966912,44966912,4488609792,4485275648,4485103616,4510162944,69888,69888,69888,69888,3582939136,3549163520,3582939136,18.0517,22.7515,28.0406,2558.9182,0.0002,0.0004,0.0055,6.8319,0.146,3.1126,3.3849,3.4856,17.0644,18.9312,27.3494,34.8232,6.3572,12.5295,15.3053,22.35,0.0064,0.0092,0.0113,47.9956,0.0064,0.0092,0.0103,0.0144,120.9,165.3,203.8,282.3,0.4,0.7,0.9,1892828.3,74.2,103.7,146.7,6394.6,0.0,0.0,0.0,86861.7,0.0,0.0,0.0,1473638.0,0.0,0.0,0.0,22899.2,0.0,0.0,0.0,254100.3,0.0,0.0,0.0,0.0,0.2556
PIE,after,After_PIE_02,FastSweep90,5ec64c1d8dfef1e20d13ed98fc3c6617828d9170,AE4AB439A898C6467604E4C35064BB7D24D578B29E98B8095C122713B96D1ABD,180,201.63119999961054,23.46860000034212,27.370700001483783,30.449800000496907,563.5947999999189,1,1,1,65,65,15,4,1,1,1,1,1,1,1,1,1,1,1,1,2,2,2,2,1,1,1,1,3809280,3809280,3809280,3809280,4485595136,4486549504,4485595136,4492767232,69888,69888,69888,69888,3557027840,3557027840,3557027840,14.1976,20.3629,32.6638,553.9395,0.0002,0.0004,0.0051,0.0073,0.1492,3.0822,3.2668,3.6322,15.6803,18.3459,20.0491,20.8665,6.2792,12.9578,13.6819,16.9593,0.0064,0.0089,0.01,0.0161,0.0064,0.0089,0.01,0.0161,46.8,55.0,128.1,134.6,0.5,0.8,0.9,294390.8,0.0,0.0,82.1,1506.8,0.0,0.0,0.0,9661.4,0.0,0.0,0.0,226944.3,0.0,0.0,0.0,7520.2,0.0,0.0,0.0,22685.5,0.0,0.0,0.0,0.0,0.1499
PIE,after,After_PIE_02,FastSweep160,5ec64c1d8dfef1e20d13ed98fc3c6617828d9170,AE4AB439A898C6467604E4C35064BB7D24D578B29E98B8095C122713B96D1ABD,180,212.72169999974722,23.866200001066318,27.145200001541525,32.85229999892181,571.0761999998795,1,1,1,65,65,15,4,1,1,1,1,1,1,1,1,1,1,1,1,2,2,2,2,1,1,1,1,3809280,3809280,3809280,3809280,4486275072,4489670656,4485533696,4489670656,69888,69888,69888,69888,3564892160,3564892160,3564892160,14.0403,20.2659,31.303,548.0342,0.0002,0.0004,0.0066,0.0137,0.1583,3.0882,3.2614,3.3351,15.603,18.8784,19.1551,19.579,6.6931,12.3998,13.5207,18.0978,0.0066,0.0091,0.0098,0.0159,0.0066,0.0091,0.0098,0.0159,46.9,57.3,129.7,133.4,0.5,0.9,7.7,293226.4,0.0,0.0,84.1,1513.2,0.0,0.0,0.0,9582.4,0.0,0.0,0.0,226222.8,0.0,0.0,0.0,7422.6,0.0,0.0,0.0,22584.9,0.0,0.0,0.0,0.0,0.1439
PIE,after,After_PIE_02,StationaryStop,5ec64c1d8dfef1e20d13ed98fc3c6617828d9170,AE4AB439A898C6467604E4C35064BB7D24D578B29E98B8095C122713B96D1ABD,360,9.102999998503947,24.308199999723,27.5818000009167,31.892900000457303,36.808499999096966,1,0,1,1,1,7,0,2,2,2,2,2,2,2,2,1,1,1,1,6,6,6,6,4,4,4,4,3809280,5062656,3809280,5062656,4489678848,4490432512,4489678848,4490432512,69888,69888,69888,69888,3565297664,3565297664,3565297664,14.443,20.4724,23.3161,41.9433,0.0002,0.0004,0.0006,0.0061,0.1543,3.2093,3.3547,3.5033,16.0422,19.0012,20.0224,24.1002,6.6179,13.0695,13.9119,14.6587,0.0065,0.0089,0.0128,0.0546,0.0065,0.0089,0.0128,0.0546,58.0,73.4,126.6,4731.9,13.5,1316.0,2490.8,2833.1,0.0,14.8,200.6,211.0,1.1,963.8,1760.5,1932.5,0.8,169.8,361.3,410.2,0.0,0.0,0.0,730.9,0.0,0.0,0.0,0.3,0.0,0.0,0.0,0.0,1.7056
PIE,after,After_PIE_02,LongRepeatDistributed,5ec64c1d8dfef1e20d13ed98fc3c6617828d9170,AE4AB439A898C6467604E4C35064BB7D24D578B29E98B8095C122713B96D1ABD,1800,602.257999998983,26.209100000414765,31.23570000025211,33.835599999292754,2638.9445000004343,38,1,2,186,186,10,6,122,122,122,122,122,122,122,122,121,121,121,121,126,126,126,126,364,364,364,364,46220288,46220288,46220288,46220288,4528455680,4535115776,4519796736,4535115776,69888,69888,69888,69888,3588677632,3549569024,3588677632,18.0436,22.5968,23.8475,2564.9316,0.0002,0.0004,0.0007,0.0077,0.1477,0.2824,3.4269,3.7642,17.1657,19.2039,21.0419,36.2224,6.3466,12.2552,13.9577,55.9541,0.0064,0.0089,0.0111,0.1937,0.0064,0.0089,0.0111,0.1937,120.7,165.9,198.9,372.5,0.4,0.7,0.8,1904929.3,74.2,97.4,125.3,6794.8,0.0,0.0,0.0,79864.7,0.0,0.0,0.0,1479101.2,0.0,0.0,0.0,22576.9,0.0,0.0,0.0,267113.8,0.0,0.0,0.0,0.0,0.245
PIE,after,After_PIE_02,ActualNewKnowledge,5ec64c1d8dfef1e20d13ed98fc3c6617828d9170,AE4AB439A898C6467604E4C35064BB7D24D578B29E98B8095C122713B96D1ABD,360,29.06310000071244,24.462400000629714,29.738999999608495,36.45150000011199,61.606199999005185,5,0,1,1,1,7,0,2,7,2,7,2,7,2,7,1,1,1,1,6,11,6,11,4,19,4,19,3809280,11329536,3809280,11329536,4533813248,4539531264,4533813248,4539531264,69888,69888,69888,69888,3549974528,3551940608,3551940608,14.8654,22.1697,34.3208,56.1438,0.0002,0.0004,0.0007,0.0073,0.1508,3.1711,3.3211,3.6613,16.214,19.3412,20.9372,22.2149,6.2359,13.4831,14.766,15.9944,0.0064,0.0084,0.0109,0.0408,0.0064,0.0084,0.0109,0.0408,63.3,190.4,4531.4,4771.3,70.8,1455.7,4998.5,5780.2,0.0,237.5,710.7,1237.9,1.3,1121.3,3938.9,4481.3,1.0,7.1,389.1,411.4,0.0,0.0,677.3,726.7,0.0,0.3,0.4,0.6,0.0,0.0,0.0,0.0,4.773
PIE,after,After_PIE_03,Empty,5ec64c1d8dfef1e20d13ed98fc3c6617828d9170,AE4AB439A898C6467604E4C35064BB7D24D578B29E98B8095C122713B96D1ABD,240,0.12070000047970098,25.834799998847302,31.386300001031486,34.505100000387756,35.59329999916372,4,0,1,0,0,7,0,0,0,0,0,0,0,0,0,0,0,0,0,0,0,0,0,0,0,0,0,0,0,0,0,4292493312,4294254592,4292493312,4314566656,62830,62830,62830,62830,3524325376,3524620288,3524710400,17.6615,21.698,22.7735,22.9934,0.0002,0.0005,0.0007,0.0507,0.1622,3.22,3.4034,3.4892,17.0233,18.9188,20.4333,20.973,6.8695,12.8125,13.3878,13.6529,0.0062,0.0084,0.01,0.0123,0.0062,0.0084,0.01,0.0123,118.9,158.8,169.1,181.6,0.3,0.5,0.7,0.7,73.4,92.5,100.6,114.9,0.0,0.0,0.0,0.0,0.0,0.0,0.0,0.0,0.0,0.0,0.0,0.0,0.0,0.0,0.0,0.0,0.0,0.0,0.0,0.0,0.2122
PIE,after,After_PIE_03,OneWhole,5ec64c1d8dfef1e20d13ed98fc3c6617828d9170,AE4AB439A898C6467604E4C35064BB7D24D578B29E98B8095C122713B96D1ABD,300,2.223999999841908,25.833800000327756,31.072099998709746,35.94859999975597,40.93450000073062,6,0,2,0,0,8,1,1,1,1,1,1,1,1,1,0,0,0,0,4,4,4,4,3,3,3,3,0,235520,0,235520,4295438336,4208095232,4207804416,4295438336,62830,62830,62830,62830,3524698112,3524698112,3524698112,18.0945,22.4494,30.8321,37.1428,0.0002,0.0004,0.0006,0.0007,0.1569,0.3508,3.3319,5.399,17.0319,19.0321,20.5633,26.4544,6.1944,11.9071,12.828,13.6997,0.0063,0.0088,0.0111,0.0205,0.0063,0.0088,0.0111,0.0205,140.7,249.0,390.0,11398.6,51.0,96.8,106.2,766.3,98.7,128.6,217.9,274.8,0.4,2.9,3.9,432.9,0.4,0.9,1.1,142.7,0.0,98.8,109.7,143.2,0.2,0.3,0.4,0.6,0.0,0.0,0.0,0.0,0.4357
PIE,after,After_PIE_03,EightWhole,5ec64c1d8dfef1e20d13ed98fc3c6617828d9170,AE4AB439A898C6467604E4C35064BB7D24D578B29E98B8095C122713B96D1ABD,300,14.86279999880935,25.989199999457924,31.62259999953676,40.87380000055418,51.47469999974419,9,0,1,0,0,15,2,8,8,8,9,8,8,8,8,0,0,0,0,32,56,32,56,24,24,24,24,0,1884160,0,1884160,4208340992,4164886528,4163633152,4212989952,62830,62830,62830,62830,3525320704,3526926336,3526926336,19.404,27.1582,33.468,42.3815,0.0002,0.0004,0.0006,0.0056,0.1591,0.2649,3.4638,3.6774,17.1432,18.903,20.9404,21.6387,5.5507,11.3771,13.0868,14.5012,0.0063,0.009,0.0104,0.0488,0.0063,0.009,0.0104,0.0488,253.7,898.4,2858.4,4108.6,365.2,6747.9,9733.8,10043.7,280.2,673.3,784.2,843.5,2.0,65.3,723.2,963.0,1.0,708.8,1608.8,1807.8,0.0,296.4,376.9,391.1,0.2,0.7,1.1,14.7,0.0,0.0,0.0,0.0,8.7738
PIE,after,After_PIE_03,ThirtyTwoWhole,5ec64c1d8dfef1e20d13ed98fc3c6617828d9170,AE4AB439A898C6467604E4C35064BB7D24D578B29E98B8095C122713B96D1ABD,360,61.305899998842506,26.250300001265714,42.23120000096969,60.461699998995755,123.3224000006885,42,1,3,0,0,39,3,31,27,27,33,27,27,27,27,0,0,0,0,120,198,120,198,81,81,81,81,0,6359040,0,6359040,4166660096,4214325248,4166660096,4214325248,64330,64486,64330,64486,3529830400,3535048704,3535048704,25.4645,39.1021,63.1941,121.7735,0.0002,0.0004,0.0065,9.4987,0.1506,3.0133,3.4795,3.8413,17.3207,20.1022,21.6089,22.209,0.0014,4.6271,9.3985,12.7321,0.0063,0.009,0.0495,24.8966,0.0063,0.0089,0.0117,0.0495,824.1,3376.4,4285.9,17137.5,1226.1,13768.7,28482.7,35607.3,794.9,1459.7,2537.9,2808.8,5.6,240.7,395.1,4693.8,2.1,1471.1,3229.2,4254.3,0.0,1057.5,1327.1,2339.0,0.4,1.6,2.1,3.5,0.0,0.0,0.0,0.0,18.0381
PIE,after,After_PIE_03,PartialNewThenRepeat,5ec64c1d8dfef1e20d13ed98fc3c6617828d9170,AE4AB439A898C6467604E4C35064BB7D24D578B29E98B8095C122713B96D1ABD,360,25.097800000366988,24.314100000992767,31.870799999524024,45.075900001393165,58.6529000011069,14,0,1,0,0,7,0,1,1,1,1,1,1,1,1,1,1,1,1,2,2,2,2,1,1,1,1,0,3809280,0,3809280,4226469888,4240371712,4226469888,4240457728,64544,64544,64544,64544,3544354816,3544354816,3544354816,15.6013,24.9543,39.5674,56.0682,0.0002,0.0004,0.0006,0.0065,0.1829,3.1404,3.2815,3.498,16.27,18.7778,19.9336,25.664,6.0434,13.2659,14.757,15.3733,0.0062,0.0086,0.0106,0.0531,0.0062,0.0086,0.0106,0.0531,73.6,5343.9,13066.7,18424.7,64.9,89.4,5358.0,11803.6,0.0,193.3,471.3,669.2,0.7,1.2,8.0,4920.4,0.5,1.0,1.4,1234.9,0.0,0.0,2020.8,2378.5,0.0,460.3,11434.7,11666.5,0.0,0.0,0.0,0.0,5.396100000000001
PIE,after,After_PIE_03,Overlap64,5ec64c1d8dfef1e20d13ed98fc3c6617828d9170,AE4AB439A898C6467604E4C35064BB7D24D578B29E98B8095C122713B96D1ABD,360,186.89889999950537,26.23190000122122,31.369199999971897,33.806299999923795,551.4906999997038,7,1,2,65,65,15,4,1,1,1,1,1,1,1,1,1,1,1,1,2,2,2,2,1,1,1,1,3809280,3809280,3809280,3809280,4280172544,4285431808,4280172544,4286840832,65936,65936,65936,65936,3552219136,3552219136,3552219136,18.0042,22.464,24.16,550.3522,0.0002,0.0004,0.0006,0.0006,0.1653,0.4478,3.4442,3.4949,17.1283,19.2535,20.4905,22.1021,6.3776,12.0884,13.3823,20.6666,0.0064,0.009,0.0111,0.0207,0.0064,0.009,0.0111,0.0207,124.4,177.0,195.6,211.5,0.5,0.8,1.1,297030.2,76.6,122.5,144.6,1968.1,0.0,0.0,0.0,10127.4,0.0,0.0,0.0,227495.4,0.0,0.0,0.0,7526.7,0.0,0.0,0.0,22940.4,0.0,0.0,0.0,0.0,0.26339999999999997
PIE,after,After_PIE_03,SameIdentity64,5ec64c1d8dfef1e20d13ed98fc3c6617828d9170,AE4AB439A898C6467604E4C35064BB7D24D578B29E98B8095C122713B96D1ABD,360,206.9537000006676,26.688599999033613,32.29470000042056,34.28940000048897,933.7916999993467,11,1,1,65,65,8,5,1,1,1,1,1,1,1,1,1,1,1,1,2,2,2,2,1,1,1,1,3809280,3809280,3809280,3809280,4319768576,4323188736,4319768576,4323188736,66990,66990,66990,66990,3560361984,3560361984,3560361984,18.1981,23.2054,24.8732,912.327,0.0002,0.0004,0.0006,6.8665,0.1628,0.3832,3.4246,3.6337,17.1154,18.8465,20.2025,22.4967,6.185,13.5522,14.8462,17.6205,0.0063,0.0088,0.0106,13.5101,0.0063,0.0087,0.0105,0.0129,123.3,170.0,225.6,323.2,0.3,0.6,0.8,665220.3,75.7,120.3,207.1,1802.7,0.0,0.0,0.0,11029.1,0.0,0.0,0.0,520391.8,0.0,0.0,0.0,8612.1,0.0,0.0,0.0,91045.9,0.0,0.0,0.0,0.0,0.2328
PIE,after,After_PIE_03,Distributed184,5ec64c1d8dfef1e20d13ed98fc3c6617828d9170,AE4AB439A898C6467604E4C35064BB7D24D578B29E98B8095C122713B96D1ABD,360,580.7566000003135,26.005200001236517,30.675199999677716,33.861900001284084,2633.4659999993164,7,1,2,185,185,10,6,121,121,121,121,121,121,121,121,121,121,121,121,122,122,122,122,361,361,361,361,44966912,44966912,44966912,44966912,4483354624,4479524864,4479074304,4489207808,69912,69912,69912,69912,3583741952,3557306368,3583741952,18.3153,22.6196,29.9282,2585.6211,0.0002,0.0004,0.0005,0.0005,0.1554,0.2639,3.2271,3.4954,16.9772,19.0848,28.2603,34.4132,5.9867,12.0051,13.5217,25.2515,0.0063,0.0081,0.0102,0.0237,0.0063,0.0081,0.0102,0.0237,121.2,170.5,219.4,288.0,0.4,0.7,0.8,1887925.0,74.8,105.9,151.2,6303.1,0.0,0.0,0.0,87111.1,0.0,0.0,0.0,1468632.5,0.0,0.0,0.0,22804.8,0.0,0.0,0.0,254846.7,0.0,0.0,0.0,0.0,0.2504
PIE,after,After_PIE_03,FastSweep90,5ec64c1d8dfef1e20d13ed98fc3c6617828d9170,AE4AB439A898C6467604E4C35064BB7D24D578B29E98B8095C122713B96D1ABD,180,209.87400000012713,24.074300001302618,27.87720000014815,32.29490000012447,574.465899999268,1,1,1,65,65,15,4,1,1,1,1,1,1,1,1,1,1,1,1,2,2,2,2,1,1,1,1,3809280,3809280,3809280,3809280,4480274432,4474466304,4474449920,4480348160,69912,69912,69912,69912,3565170688,3565170688,3565170688,14.0551,20.4516,32.4445,566.8188,0.0002,0.0004,0.0005,0.0006,0.1725,3.1437,3.2845,3.3482,15.7614,17.5638,19.0578,20.3645,6.4384,12.8162,14.6783,16.8254,0.0064,0.0089,0.0106,0.0131,0.0064,0.0089,0.0106,0.0131,46.8,68.2,195.5,211.3,0.5,0.8,1.0,297734.8,0.0,0.0,85.2,1503.4,0.0,0.0,0.0,9863.2,0.0,0.0,0.0,229707.6,0.0,0.0,0.0,7538.7,0.0,0.0,0.0,22712.1,0.0,0.0,0.0,0.0,0.161
PIE,after,After_PIE_03,FastSweep160,5ec64c1d8dfef1e20d13ed98fc3c6617828d9170,AE4AB439A898C6467604E4C35064BB7D24D578B29E98B8095C122713B96D1ABD,180,213.22719999989204,23.199900000690832,28.09970000089379,34.137500000724685,576.495100000102,2,1,1,65,65,15,4,1,1,1,1,1,1,1,1,1,1,1,1,2,2,2,2,1,1,1,1,3809280,3809280,3809280,3809280,4473987072,4474167296,4473987072,4474167296,69912,69912,69912,69912,3573035008,3573035008,3573035008,14.1615,20.3379,33.4167,558.8035,0.0002,0.0004,0.0005,0.0007,0.1689,3.1069,3.2184,3.2588,15.6211,19.2204,20.9381,20.9381,6.4259,12.7332,14.7833,15.8167,0.0064,0.0086,0.01,0.0104,0.0064,0.0086,0.01,0.0104,47.1,53.8,129.9,135.4,0.5,0.8,1.0,295995.9,0.0,0.0,84.2,1545.1,0.0,0.0,0.0,9730.4,0.0,0.0,0.0,227689.5,0.0,0.0,0.0,7516.5,0.0,0.0,0.0,22935.9,0.0,0.0,0.0,0.0,0.13090000000000002
PIE,after,After_PIE_03,StationaryStop,5ec64c1d8dfef1e20d13ed98fc3c6617828d9170,AE4AB439A898C6467604E4C35064BB7D24D578B29E98B8095C122713B96D1ABD,360,8.639600000606151,24.350399999093497,27.634699999907752,31.02749999925436,34.98530000069877,1,0,1,1,1,7,0,2,2,2,2,2,2,2,2,1,1,1,1,6,6,6,6,4,4,4,4,3809280,5062656,3809280,5062656,4474245120,4475752448,4474245120,4475752448,69912,69912,69912,69912,3573440512,3573440512,3573440512,14.3088,20.6061,25.7568,36.3729,0.0002,0.0004,0.0006,0.0006,0.1814,3.1773,3.4314,3.6863,15.998,18.8115,19.8532,25.3489,6.9134,13.0117,13.9211,14.6204,0.0065,0.009,0.0112,0.0126,0.0065,0.009,0.0112,0.0126,58.2,74.9,141.8,4615.0,13.2,1414.1,2616.5,2890.1,0.0,15.4,207.2,241.1,1.0,1041.0,1769.8,1971.1,0.8,177.9,372.6,453.7,0.0,0.0,0.0,715.8,0.0,0.0,0.0,0.3,0.0,0.0,0.0,0.0,1.7506
PIE,after,After_PIE_03,LongRepeatDistributed,5ec64c1d8dfef1e20d13ed98fc3c6617828d9170,AE4AB439A898C6467604E4C35064BB7D24D578B29E98B8095C122713B96D1ABD,1800,617.9879999999685,26.521399999182904,32.14789999947243,35.417600000073435,2639.5219000005454,69,1,2,186,186,10,6,122,122,122,122,122,122,122,122,121,121,121,121,126,126,126,126,364,364,364,364,46220288,46220288,46220288,46220288,4525248512,4533387264,4515168256,4533387264,70156,70156,70156,70156,3596820480,3549569024,3596820480,18.561,23.453,25.2064,2579.9045,0.0002,0.0004,0.0006,0.0063,0.1619,0.27,3.389,5.0855,17.1654,19.1179,20.7239,37.2959,6.1548,12.4798,14.4235,45.4418,0.0067,0.0101,0.0169,0.0703,0.0067,0.0101,0.0169,0.0703,122.2,163.7,194.8,330.7,0.4,0.7,0.8,1890383.0,75.1,96.5,121.4,6676.3,0.0,0.0,0.0,78603.4,0.0,0.0,0.0,1474656.0,0.0,0.0,0.0,22824.0,0.0,0.0,0.0,258093.5,0.0,0.0,0.0,0.0,0.24769999999999998
PIE,after,After_PIE_03,ActualNewKnowledge,5ec64c1d8dfef1e20d13ed98fc3c6617828d9170,AE4AB439A898C6467604E4C35064BB7D24D578B29E98B8095C122713B96D1ABD,360,28.664499999649706,24.502400001438218,29.85140000055253,34.85200000068289,57.083600000623846,4,0,1,1,1,7,0,2,7,2,7,2,7,2,7,1,1,1,1,6,11,6,11,4,19,4,19,3809280,11329536,3809280,11329536,4531728384,4532862976,4531728384,4533968896,70156,70156,70156,70156,3549974528,3551940608,3551940608,15.3934,22.5569,31.3268,58.8091,0.0002,0.0004,0.0006,0.0073,0.1746,3.1493,3.3782,3.5662,16.4432,19.3328,20.0127,20.6279,6.1705,12.9484,14.5952,16.3963,0.0066,0.0087,0.0105,0.0111,0.0066,0.0087,0.0105,0.0111,65.1,142.0,4436.8,4684.3,70.0,1403.5,5171.3,6242.4,0.0,211.7,764.8,1443.9,1.3,1199.1,3922.1,4907.8,1.0,6.8,388.3,409.4,0.0,0.0,659.2,676.9,0.0,0.3,0.5,0.6,0.0,0.0,0.0,0.0,3.7441
Standalone,before,Before_Standalone_01,Empty,194a0dbddacf9c5ea5d6b19f66773c2effb984c0,6668FAD744D2B2F3B6829FF1B1668354641A799BAF6EE697FD65D8DE3C4B386F,240,0.12319999950705096,29.366200000367826,31.69299999899522,33.53799999968032,111.68759999964095,4,1,1,0,0,7,0,0,0,0,0,0,0,0,0,0,0,0,0,0,0,0,0,0,0,0,0,0,0,0,0,3272310784,3269496832,3269103616,3284287488,53498,53498,53498,53498,1934897152,1934897152,1934897152,8.29,9.6879,10.3813,110.2126,29.2644,30.9338,31.7227,34.8376,3.5685,4.1056,5.1538,5.1538,25.0751,26.2136,26.5113,29.2169,21.0911,23.2356,24.4611,25.2533,0.0091,0.0196,0.9218,76.0506,0.0091,0.0176,0.0222,0.058,121.0,156.4,179.4,232.2,0.3,0.5,0.6,0.6,71.2,87.6,102.3,105.7,0.0,0.0,0.0,0.0,0.0,0.0,0.0,0.0,0.0,0.0,0.0,0.0,0.0,0.0,0.0,0.0,0.0,0.0,0.0,0.0,0.21259999999999998
Standalone,before,Before_Standalone_01,OneWhole,194a0dbddacf9c5ea5d6b19f66773c2effb984c0,6668FAD744D2B2F3B6829FF1B1668354641A799BAF6EE697FD65D8DE3C4B386F,300,1.705200000287732,29.49070000067877,31.85539999867615,37.631199998941156,44.15399999925285,5,0,1,0,0,8,1,1,1,1,2,1,1,1,1,0,0,0,0,4,7,4,7,3,3,3,3,0,235520,0,235520,3270565888,3267715072,3267231744,3273781248,53651,53657,53651,53657,1934897152,1935175680,1935175680,8.3145,9.5137,13.0449,21.3871,29.3811,30.8474,31.7367,33.1024,3.5996,3.9319,4.2291,6.0403,25.1532,26.1914,26.4193,26.7051,21.1404,23.0984,24.4151,24.7582,0.0093,0.0182,0.0209,0.0229,0.0093,0.0182,0.0209,0.0229,139.7,234.3,656.7,10845.6,48.6,96.8,285.5,9403.6,95.0,117.6,159.2,494.3,0.4,3.1,9.0,381.2,0.4,0.8,73.6,129.0,0.0,98.8,114.6,146.1,0.1,0.2,0.4,1.9,0.0,0.0,0.0,0.0,0.4313
Standalone,before,Before_Standalone_01,EightWhole,194a0dbddacf9c5ea5d6b19f66773c2effb984c0,6668FAD744D2B2F3B6829FF1B1668354641A799BAF6EE697FD65D8DE3C4B386F,300,12.056800000209478,29.64139999858162,32.65509999982896,39.581400000315625,60.99459999859391,14,0,2,0,0,15,2,8,8,8,9,8,8,8,8,0,0,0,0,32,44,32,44,24,24,24,24,0,1884160,0,1884160,3268784128,3274743808,3268784128,3274743808,54177,54189,54177,54189,1935175680,1936322560,1936322560,9.1783,14.2221,21.2079,40.8452,29.607,31.0026,31.7345,31.8368,3.67,4.1086,4.7998,4.9392,25.2922,26.4248,26.8226,26.8975,20.2887,22.4609,23.2346,23.4036,0.0094,0.0191,0.0322,6.4089,0.0094,0.019,0.0307,0.1564,246.6,658.6,5890.8,8697.0,353.6,1337.8,9614.3,10203.4,270.1,412.8,728.2,1207.7,2.0,63.9,729.8,1114.5,0.8,86.1,1594.9,1803.7,0.0,319.0,376.4,532.9,0.1,0.6,0.7,1.3,0.0,0.0,0.0,0.0,5.6067
Standalone,before,Before_Standalone_01,ThirtyTwoWhole,194a0dbddacf9c5ea5d6b19f66773c2effb984c0,6668FAD744D2B2F3B6829FF1B1668354641A799BAF6EE697FD65D8DE3C4B386F,360,46.38599999998405,29.92660000018077,41.16790000080073,45.407800000248244,79.09719999952358,66,0,2,0,0,39,3,31,27,27,33,27,27,27,27,0,0,0,0,120,165,120,165,81,81,81,81,0,6359040,0,6359040,3278147584,3287441408,3278147584,3290697728,56050,56140,56050,56140,1939226624,1942237184,1942237184,11.676,26.8236,33.1374,75.5087,29.6473,31.5771,32.372,33.3626,3.7981,4.3373,4.5815,6.0396,25.4113,26.4584,26.7543,27.0547,17.4694,20.9416,22.2054,22.5028,0.0089,0.0191,9.1557,48.1711,0.0088,0.017,0.0258,0.0587,1040.9,3305.3,14489.5,37659.9,1239.2,13205.4,15652.5,17593.2,777.2,1443.0,1719.6,1932.5,5.0,192.6,260.0,4773.8,1.8,1721.3,2170.1,2740.5,0.0,1160.3,1297.9,1680.5,0.4,1.5,2.2,4.4,0.0,0.0,0.0,0.0,17.6492
Standalone,before,Before_Standalone_01,PartialNewThenRepeat,194a0dbddacf9c5ea5d6b19f66773c2effb984c0,6668FAD744D2B2F3B6829FF1B1668354641A799BAF6EE697FD65D8DE3C4B386F,360,5.522999999811873,18.48930000051041,29.867299999750685,41.61989999920479,52.61409999911848,10,0,1,0,0,7,0,1,1,1,1,1,1,1,1,1,1,1,1,2,2,2,2,1,1,1,1,0,3809280,0,3809280,3305259008,3317669888,3297087488,3321864192,56198,56198,56198,56198,1942237184,1951543296,1951543296,5.801,12.6045,29.9458,33.4383,18.5728,29.2421,32.0771,33.1405,3.6353,4.207,4.7667,5.2979,14.9356,25.3292,26.2147,31.5975,13.9297,21.8108,26.4016,27.0222,0.0097,0.02,11.5461,11.7101,0.0095,0.0185,0.0211,0.0225,79.7,5337.1,14163.5,19148.2,64.9,93.7,4982.7,12752.5,0.0,187.5,459.1,690.9,0.7,1.3,8.2,5476.0,0.5,0.9,1.2,1275.7,0.0,0.0,2058.0,2335.7,0.0,472.3,11639.2,12449.6,0.0,0.0,0.0,0.0,5.393
Standalone,before,Before_Standalone_01,Overlap64,194a0dbddacf9c5ea5d6b19f66773c2effb984c0,6668FAD744D2B2F3B6829FF1B1668354641A799BAF6EE697FD65D8DE3C4B386F,360,342.538599999898,29.088900000715512,31.46039999955974,32.36780000042927,733.3054999999149,1,1,1,65,65,15,4,1,1,1,1,1,1,1,1,1,1,1,1,2,2,2,2,1,1,1,1,3809280,3809280,3809280,3809280,3363315712,3349872640,3349872640,3363721216,57590,57590,57590,57590,1959407616,1959407616,1959407616,8.4001,9.8174,11.157,731.5494,29.1471,30.782,31.109,31.5049,3.6346,4.0695,4.8397,5.3688,25.1012,26.3266,26.5141,28.241,20.7757,22.8446,23.4118,24.1939,0.0085,0.0166,2.0942,675.6182,0.0085,0.0164,0.0196,0.0621,122.8,153.2,175.6,182.8,0.5,0.8,0.9,360056.5,72.0,87.4,100.2,1861.6,0.0,0.0,0.0,9257.0,0.0,0.0,0.0,304390.1,0.0,0.0,0.0,7424.5,0.0,0.0,0.0,22865.5,0.0,0.0,0.0,0.0,0.234
Standalone,before,Before_Standalone_01,SameIdentity64,194a0dbddacf9c5ea5d6b19f66773c2effb984c0,6668FAD744D2B2F3B6829FF1B1668354641A799BAF6EE697FD65D8DE3C4B386F,360,383.86759999957576,29.262399999424815,31.45809999841731,32.380900000134716,1250.7098999994923,2,1,1,65,65,8,5,1,1,1,1,1,1,1,1,1,1,1,1,2,2,2,2,1,1,1,1,3809280,3809280,3809280,3809280,3390406656,3379126272,3379122176,3390910464,58644,58644,58644,58644,1967550464,1967550464,1967550464,8.2808,9.6201,10.6077,1227.9374,29.1789,30.6306,31.3154,45.9988,3.5996,4.0655,4.4299,5.0067,25.0525,26.3171,28.6746,28.6746,20.9871,23.0552,23.8288,37.8284,0.009,0.0187,1.1396,1192.1536,0.009,0.0178,0.0217,0.1114,121.6,151.3,163.6,213.1,0.3,0.5,0.7,836062.5,71.6,87.9,105.4,1945.4,0.0,0.0,0.0,10631.7,0.0,0.0,0.0,702597.2,0.0,0.0,0.0,8480.4,0.0,0.0,0.0,95069.4,0.0,0.0,0.0,0.0,0.207
Standalone,before,Before_Standalone_01,Distributed184,194a0dbddacf9c5ea5d6b19f66773c2effb984c0,6668FAD744D2B2F3B6829FF1B1668354641A799BAF6EE697FD65D8DE3C4B386F,360,1079.7247999998945,29.43779999986873,31.895599999188562,46.30890000044019,3533.004799999617,12,2,7,185,185,10,6,121,121,121,121,121,121,121,121,121,121,121,121,122,122,122,122,361,361,361,361,44966912,44966912,44966912,44966912,3550351360,3537166336,3537010688,3556556800,61566,61566,61566,61566,1990930432,1990930432,1990930432,8.3735,9.4087,9.8956,3488.5518,29.4534,31.1762,66.5527,186.04,3.6099,3.9738,4.3962,6.55,25.3225,26.5722,30.1776,91.7419,21.4121,23.489,37.5788,104.9707,0.009,0.0185,0.0586,3298.7119,0.0089,0.018,0.0256,0.0586,122.9,155.4,186.2,210.2,0.3,0.7,0.8,2395377.7,72.3,88.8,112.3,6324.6,0.0,0.0,0.0,89608.4,0.0,0.0,0.0,1971286.9,0.0,0.0,0.0,23152.2,0.0,0.0,0.0,269313.3,0.0,0.0,0.0,0.0,0.2339
Standalone,before,Before_Standalone_01,FastSweep90,194a0dbddacf9c5ea5d6b19f66773c2effb984c0,6668FAD744D2B2F3B6829FF1B1668354641A799BAF6EE697FD65D8DE3C4B386F,180,394.9270000011893,17.99100000062026,19.296899999972084,42.88949999863689,792.784400000528,2,1,1,65,65,15,4,1,1,1,1,1,1,1,1,1,1,1,1,2,2,2,2,1,1,1,1,3809280,3809280,3809280,3809280,3531255808,3531726848,3531255808,3531726848,62830,62830,62830,62830,1998794752,1944203264,1998794752,2.8467,4.934,28.0987,757.8711,18.0961,19.2693,28.9817,29.9515,3.3081,4.1009,5.828,5.828,14.577,15.2218,28.1278,28.1278,14.9435,16.1659,27.4754,32.9621,0.0089,0.0179,718.365,718.365,0.0088,0.0168,0.0577,0.0645,50.0,62.6,127.6,143.4,0.4,0.8,1.1,366633.2,0.0,0.0,89.5,1576.9,0.0,0.0,0.0,9765.7,0.0,0.0,0.0,308449.6,0.0,0.0,0.0,7579.6,0.0,0.0,0.0,24134.5,0.0,0.0,0.0,0.0,0.1438
Standalone,before,Before_Standalone_01,FastSweep160,194a0dbddacf9c5ea5d6b19f66773c2effb984c0,6668FAD744D2B2F3B6829FF1B1668354641A799BAF6EE697FD65D8DE3C4B386F,180,339.8863000002166,17.932199998540455,19.176399999196292,30.29470000001311,734.0499000001728,1,1,1,65,65,15,4,1,1,1,1,1,1,1,1,1,1,1,1,2,2,2,2,1,1,1,1,3809280,3809280,3809280,3809280,3532128256,3532263424,3532128256,3532263424,62830,62830,62830,62830,1952067584,1952067584,1952067584,2.84,3.6145,14.374,731.9502,18.0307,18.9484,26.9056,30.6012,3.2998,3.7207,5.1273,5.1273,14.618,15.335,24.6545,28.4139,15.0479,15.9647,16.305,27.5904,0.0091,0.0176,677.0808,677.0808,0.009,0.017,0.0225,0.0241,48.8,61.5,130.3,133.1,0.5,0.8,1.2,363023.0,0.0,0.0,84.5,1481.6,0.0,0.0,0.0,9494.0,0.0,0.0,0.0,307311.1,0.0,0.0,0.0,7465.7,0.0,0.0,0.0,23067.0,0.0,0.0,0.0,0.0,0.1444
Standalone,before,Before_Standalone_01,StationaryStop,194a0dbddacf9c5ea5d6b19f66773c2effb984c0,6668FAD744D2B2F3B6829FF1B1668354641A799BAF6EE697FD65D8DE3C4B386F,360,3.785600001720013,18.479300000763033,20.017299999381066,30.81209999982093,33.8248999996722,1,0,1,1,1,7,0,2,2,2,2,2,2,2,2,1,1,1,1,6,6,6,6,4,4,4,4,3809280,5062656,3809280,5062656,3532279808,3536392192,3532279808,3541413888,62830,62830,62830,62830,1952067584,1952473088,1952473088,2.985,5.448,10.5283,28.7785,18.5598,19.6178,30.7845,33.8532,3.7396,4.312,4.6865,5.0241,14.999,15.5953,25.6267,30.2847,15.4249,16.657,21.4021,27.9298,0.0088,0.0167,0.0207,6.7006,0.0088,0.0167,0.0206,0.0263,61.8,84.3,136.4,15086.6,14.4,1762.1,2768.2,3085.2,12.9,16.8,190.9,347.4,4.4,1329.1,2067.1,2173.5,0.8,231.3,366.0,409.6,0.0,0.0,0.0,700.4,0.0,0.0,0.0,0.2,0.0,0.0,0.0,0.0,2.1434
Standalone,before,Before_Standalone_01,LongRepeatDistributed,194a0dbddacf9c5ea5d6b19f66773c2effb984c0,6668FAD744D2B2F3B6829FF1B1668354641A799BAF6EE697FD65D8DE3C4B386F,1800,1037.082900000314,29.214700000011362,31.742299999677925,32.828900000822614,3498.763900000995,13,1,8,186,186,10,6,122,122,122,122,122,122,122,122,121,121,121,121,126,126,126,126,364,364,364,364,46220288,46220288,46220288,46220288,3562713088,3552333824,3541577728,3563110400,62830,62830,62830,62830,1975853056,1959845888,1975853056,8.3141,9.5829,10.5461,3469.5298,29.3009,30.9325,31.5296,174.8671,3.6184,4.0546,4.3594,7.4459,25.2235,26.4565,26.8142,71.2218,21.0577,23.226,24.0735,30.5133,0.0088,0.0177,0.0224,3294.8184,0.0088,0.0176,0.0212,0.034,122.2,152.8,175.6,790.2,0.3,0.6,0.8,2402134.2,72.3,88.2,103.9,6614.2,0.0,0.0,0.0,79381.3,0.0,0.0,0.0,1985298.5,0.0,0.0,0.0,22653.0,0.0,0.0,0.0,274345.9,0.0,0.0,0.0,0.0,0.2291
Standalone,before,Before_Standalone_01,ActualNewKnowledge,194a0dbddacf9c5ea5d6b19f66773c2effb984c0,6668FAD744D2B2F3B6829FF1B1668354641A799BAF6EE697FD65D8DE3C4B386F,360,6.197400000019115,18.63980000052834,30.335999999806518,44.03179999826534,46.20650000106252,7,0,1,1,1,7,0,2,7,2,7,2,7,2,7,1,1,1,1,6,11,6,11,4,19,4,19,3809280,11329536,3809280,11329536,3552792576,3557654528,3552792576,3561848832,62830,62830,62830,62830,1959845888,1962217472,1962217472,3.0339,9.449,28.5828,29.5645,18.7473,29.4098,31.7423,32.8197,3.7461,4.2099,4.5061,4.6486,15.1406,25.4366,27.312,27.9003,15.4062,25.444,28.0111,29.4175,0.009,0.0241,8.0334,8.4958,0.0089,0.0183,0.0245,0.0609,71.1,252.8,14781.5,15410.5,83.6,1460.3,5434.1,5977.1,0.0,256.8,725.4,827.1,1.5,1201.9,4564.0,4868.6,1.0,7.7,398.6,409.5,0.0,0.0,694.3,746.0,0.0,0.2,0.4,0.5,0.0,0.0,0.0,0.0,3.2829
Standalone,before,Before_Standalone_02,Empty,194a0dbddacf9c5ea5d6b19f66773c2effb984c0,6668FAD744D2B2F3B6829FF1B1668354641A799BAF6EE697FD65D8DE3C4B386F,240,0.14689999989059288,29.322200000024168,31.71959999963292,33.18570000010368,49.61329999969166,3,0,1,0,0,7,0,0,0,0,0,0,0,0,0,0,0,0,0,0,0,0,0,0,0,0,0,0,0,0,0,3266203648,3268685824,3265773568,3270537216,53498,53498,53498,53498,1934897152,1934897152,1934897152,8.2191,9.8328,11.1027,48.0795,29.1775,30.9239,31.3458,33.8781,3.5938,4.1387,4.7877,4.9182,25.0875,26.244,26.4917,29.554,21.0701,23.0773,23.9223,26.2282,0.0093,0.0203,0.1555,14.4634,0.0093,0.0187,0.026,0.0662,119.6,144.0,172.6,192.1,0.3,0.5,0.7,0.8,70.9,84.4,98.9,100.1,0.0,0.0,0.0,0.0,0.0,0.0,0.0,0.0,0.0,0.0,0.0,0.0,0.0,0.0,0.0,0.0,0.0,0.0,0.0,0.0,0.1985
Standalone,before,Before_Standalone_02,OneWhole,194a0dbddacf9c5ea5d6b19f66773c2effb984c0,6668FAD744D2B2F3B6829FF1B1668354641A799BAF6EE697FD65D8DE3C4B386F,300,1.8374999999650754,29.01439999914146,31.550800000331947,37.783899999340065,41.53979999864532,3,0,1,0,0,8,1,1,1,1,2,1,1,1,1,0,0,0,0,4,7,4,7,3,3,3,3,0,235520,0,235520,3269738496,3265253376,3264352256,3270848512,53651,53657,53651,53657,1934897152,1935175680,1935175680,8.3538,9.8017,18.2277,21.7598,29.179,30.7773,31.3585,33.1818,3.6165,4.022,4.5654,5.3389,25.1228,26.2585,26.5487,26.6577,20.8388,22.9239,23.7043,24.4595,0.0095,0.0184,0.0261,0.073,0.0095,0.0184,0.0261,0.073,144.2,242.0,551.2,11100.5,11.6,97.6,606.3,9344.8,94.9,147.3,325.8,359.3,0.0,3.2,54.8,369.5,0.0,0.9,71.8,77.3,0.0,99.5,130.2,135.5,0.1,0.3,0.4,2.3,0.0,0.0,0.0,0.0,0.4461
Standalone,before,Before_Standalone_02,EightWhole,194a0dbddacf9c5ea5d6b19f66773c2effb984c0,6668FAD744D2B2F3B6829FF1B1668354641A799BAF6EE697FD65D8DE3C4B386F,300,12.245899999470566,29.199700000390294,32.57170000142651,37.84509999968577,39.57619999891904,13,0,2,0,0,15,2,8,8,8,9,8,8,8,8,0,0,0,0,32,56,32,56,24,24,24,24,0,1884160,0,1884160,3266248704,3271147520,3266248704,3271147520,54177,54225,54177,54225,1935175680,1937403904,1937403904,9.2268,17.1943,19.5237,25.7591,29.3739,30.9953,31.6161,32.2031,3.6752,4.0522,4.2917,4.6693,25.2244,26.3559,26.5029,26.5679,20.1606,22.5495,23.5222,24.2467,0.0094,0.0184,0.0415,0.0669,0.0094,0.0184,0.0415,0.0669,251.5,814.8,5787.4,8534.9,352.3,6408.1,9565.7,9658.5,270.1,644.1,725.1,771.8,2.0,66.1,730.3,1080.3,0.8,256.0,1314.5,1525.0,0.0,309.6,376.2,401.5,0.1,0.6,0.9,1.4,0.0,0.0,0.0,0.0,8.5551
Standalone,before,Before_Standalone_02,ThirtyTwoWhole,194a0dbddacf9c5ea5d6b19f66773c2effb984c0,6668FAD744D2B2F3B6829FF1B1668354641A799BAF6EE697FD65D8DE3C4B386F,360,46.849799999108654,29.63849999832746,39.71640000054322,46.256899999207235,79.2885999999271,64,0,4,0,0,39,3,31,27,27,33,27,27,27,27,0,0,0,0,120,171,120,171,81,81,81,81,0,6359040,0,6359040,3273232384,3294613504,3273232384,3296899072,56234,56336,56234,56336,1940307968,1943719936,1943719936,11.6999,25.1125,36.4135,76.0476,29.5919,31.4549,32.4567,33.079,3.7872,4.5284,5.4438,5.9635,25.3837,26.5438,26.9391,27.2131,17.4203,20.4686,21.3419,22.0247,0.009,0.0181,12.7653,52.1996,0.009,0.017,0.0248,0.0792,1003.0,3147.5,14229.2,40211.5,1488.9,10693.5,15225.0,17685.7,906.4,1405.3,1734.0,2108.3,5.5,191.2,300.5,5152.9,1.8,1182.1,1948.5,2551.9,0.0,1100.5,1323.1,1961.8,0.3,1.4,1.9,17.6,0.0,0.0,0.0,0.0,14.9048
Standalone,before,Before_Standalone_02,PartialNewThenRepeat,194a0dbddacf9c5ea5d6b19f66773c2effb984c0,6668FAD744D2B2F3B6829FF1B1668354641A799BAF6EE697FD65D8DE3C4B386F,360,4.437699999471079,18.420600001263665,30.23860000030254,42.431699999724515,53.256500001225504,9,0,1,0,0,7,0,1,1,1,1,1,1,1,1,1,1,1,1,2,2,2,2,1,1,1,1,0,3809280,0,3809280,3311554560,3321864192,3303383040,3330252800,56394,56394,56394,56394,1943719936,1953026048,1953026048,5.8459,12.2962,29.5085,32.8001,18.4755,29.5465,31.0204,32.9833,3.6047,4.1804,5.2778,6.1167,14.9489,25.1069,26.6055,31.4619,13.8293,21.3999,26.9694,28.3548,0.0089,0.0224,10.3032,11.4194,0.0088,0.0181,0.0229,0.0705,88.9,5249.5,13878.7,18392.8,64.6,96.6,5044.1,11952.7,0.0,180.5,663.2,683.0,0.7,1.4,8.1,5370.1,0.5,0.9,1.6,1242.0,0.0,0.0,2011.2,2125.9,0.0,495.4,11392.7,11902.2,0.0,0.0,0.0,0.0,5.3042
Standalone,before,Before_Standalone_02,Overlap64,194a0dbddacf9c5ea5d6b19f66773c2effb984c0,6668FAD744D2B2F3B6829FF1B1668354641A799BAF6EE697FD65D8DE3C4B386F,360,342.08489999946323,29.175699999541393,31.485199999224278,31.942400000843918,732.9489999992802,2,1,1,65,65,15,4,1,1,1,1,1,1,1,1,1,1,1,1,2,2,2,2,1,1,1,1,3809280,3809280,3809280,3809280,3367899136,3364171776,3363790848,3368361984,57786,57786,57786,57786,1960890368,1944203264,1960890368,8.3434,9.7953,11.2402,731.0957,29.1452,30.6566,30.9666,31.6318,3.6373,4.1042,4.974,5.517,25.0689,26.2861,26.6071,29.1397,20.7792,22.9045,23.7244,23.8933,0.0093,0.0173,1.6289,675.1141,0.0093,0.017,0.0196,0.0278,122.2,158.3,183.6,264.9,0.5,0.8,0.9,359618.3,72.1,99.8,121.6,2138.2,0.0,0.0,0.0,9507.0,0.0,0.0,0.0,303418.0,0.0,0.0,0.0,7461.2,0.0,0.0,0.0,22735.9,0.0,0.0,0.0,0.0,0.2374
Standalone,before,Before_Standalone_02,SameIdentity64,194a0dbddacf9c5ea5d6b19f66773c2effb984c0,6668FAD744D2B2F3B6829FF1B1668354641A799BAF6EE697FD65D8DE3C4B386F,360,338.73639999910665,29.053899999780697,31.362199999421136,31.79700000146113,1190.4727000001003,1,1,1,65,65,8,5,1,1,1,1,1,1,1,1,1,1,1,1,2,2,2,2,1,1,1,1,3809280,3809280,3809280,3809280,3375579136,3378438144,3375579136,3378855936,57786,57786,57786,57786,1952346112,1952346112,1952346112,8.2121,9.4398,10.5029,1189.1559,29.1554,30.4657,31.2791,32.026,3.565,3.9588,4.6607,4.7349,25.0234,26.2149,28.2997,28.2997,21.0739,22.876,23.6485,24.3274,0.009,0.0198,0.2034,1117.2555,0.009,0.0183,0.0231,0.0695,123.6,156.8,190.7,294.2,0.3,0.6,0.7,821499.6,72.1,100.9,123.7,1751.9,0.0,0.0,0.0,10296.9,0.0,0.0,0.0,692098.8,0.0,0.0,0.0,7723.8,0.0,0.0,0.0,93007.9,0.0,0.0,0.0,0.0,0.22169999999999998
Standalone,before,Before_Standalone_02,Distributed184,194a0dbddacf9c5ea5d6b19f66773c2effb984c0,6668FAD744D2B2F3B6829FF1B1668354641A799BAF6EE697FD65D8DE3C4B386F,360,1051.50550000144,29.31939999871247,32.357299998693634,37.413899999592104,3506.812199999331,11,1,8,185,185,10,6,121,121,121,121,121,121,121,121,121,121,121,121,122,122,122,122,361,361,361,361,44966912,44966912,44966912,44966912,3532357632,3515142144,3515117568,3533099008,57905,57905,57905,57905,1975726080,1975726080,1975726080,8.3774,9.8603,10.9167,3472.3884,29.4478,31.1649,38.4811,178.3477,3.5746,3.9675,4.1841,6.3833,25.1968,26.6231,30.287,68.3808,21.0906,23.9499,29.7611,31.8773,0.0088,0.0179,0.1596,3286.7827,0.0088,0.0176,0.0243,0.1596,123.4,148.7,183.9,652.3,0.3,0.6,0.8,2397687.7,72.0,86.4,105.7,6425.3,0.0,0.0,0.0,87796.6,0.0,0.0,0.0,1966529.7,0.0,0.0,0.0,31353.8,0.0,0.0,0.0,272004.1,0.0,0.0,0.0,0.0,0.2377
Standalone,before,Before_Standalone_02,FastSweep90,194a0dbddacf9c5ea5d6b19f66773c2effb984c0,6668FAD744D2B2F3B6829FF1B1668354641A799BAF6EE697FD65D8DE3C4B386F,180,387.6622000007046,17.9165000008652,19.390599998587277,31.36860000086017,776.7132000008132,1,1,1,65,65,15,4,1,1,1,1,1,1,1,1,1,1,1,1,2,2,2,2,1,1,1,1,3809280,3809280,3809280,3809280,3513499648,3513757696,3513499648,3513757696,59249,59249,59249,59249,1983590400,1983590400,1983590400,2.8176,3.6346,14.4658,743.8807,18.0348,19.1919,29.3314,30.9338,3.2667,3.6517,5.2326,5.2326,14.5726,15.2237,28.8495,28.8495,14.9848,16.2645,28.3553,30.9681,0.0085,0.0174,701.5196,701.5196,0.0085,0.017,0.018,0.02,48.3,63.0,149.1,195.3,0.4,0.8,1.0,358057.6,0.0,0.0,80.5,1486.0,0.0,0.0,0.0,9310.9,0.0,0.0,0.0,303291.5,0.0,0.0,0.0,7392.2,0.0,0.0,0.0,22690.8,0.0,0.0,0.0,0.0,0.15940000000000001
Standalone,before,Before_Standalone_02,FastSweep160,194a0dbddacf9c5ea5d6b19f66773c2effb984c0,6668FAD744D2B2F3B6829FF1B1668354641A799BAF6EE697FD65D8DE3C4B386F,180,380.8272999995097,17.93829999951413,19.088200000624056,30.296199998701923,774.8865000012302,1,1,1,65,65,15,4,1,1,1,1,1,1,1,1,1,1,1,1,2,2,2,2,1,1,1,1,3809280,3809280,3809280,3809280,3514425344,3512074240,3511930880,3514429440,60513,60513,60513,60513,1991454720,1991454720,1991454720,2.8525,4.0805,13.686,750.6239,17.9809,18.9932,29.1086,30.0072,3.2679,3.7673,4.9845,4.9845,14.5972,15.364,24.2634,26.1034,14.7941,16.1512,22.6832,27.5385,0.0097,0.0177,716.6642,716.6642,0.0096,0.0169,0.0195,0.0217,48.6,69.3,131.1,136.5,0.4,0.8,0.9,362460.3,0.0,0.0,88.1,1524.2,0.0,0.0,0.0,9446.1,0.0,0.0,0.0,306723.3,0.0,0.0,0.0,7469.2,0.0,0.0,0.0,23096.1,0.0,0.0,0.0,0.0,0.1569
Standalone,before,Before_Standalone_02,StationaryStop,194a0dbddacf9c5ea5d6b19f66773c2effb984c0,6668FAD744D2B2F3B6829FF1B1668354641A799BAF6EE697FD65D8DE3C4B386F,360,4.444999998668209,18.476899998859153,19.765200000620098,30.767000000196276,34.42189999987022,1,0,1,1,1,7,0,2,2,2,2,2,2,2,2,1,1,1,1,6,6,6,6,4,4,4,4,3809280,5062656,3809280,5062656,3512164352,3525697536,3512164352,3525697536,60620,60620,60620,60620,1991454720,1991860224,1991860224,2.9808,5.565,10.0193,28.2264,18.5405,19.5354,30.5888,34.3136,3.7693,4.2243,4.5022,4.7031,14.9813,15.5925,25.7334,29.4148,15.4096,16.5124,20.9707,27.3801,0.0086,0.0167,0.02,4.7241,0.0086,0.0165,0.0193,0.022,61.7,82.7,138.4,14709.2,14.1,1918.5,2844.4,3065.3,12.9,16.8,193.3,236.3,4.3,1432.7,2063.1,2182.4,0.8,239.9,378.6,404.0,0.0,0.0,0.0,685.2,0.0,0.0,0.0,0.3,0.0,0.0,0.0,0.0,2.2359
Standalone,before,Before_Standalone_02,LongRepeatDistributed,194a0dbddacf9c5ea5d6b19f66773c2effb984c0,6668FAD744D2B2F3B6829FF1B1668354641A799BAF6EE697FD65D8DE3C4B386F,1800,1080.0008000005619,29.214799998953822,31.81629999926372,33.07930000119086,3511.7499999996653,20,1,6,186,186,10,6,122,122,122,122,122,122,122,122,121,121,121,121,126,126,126,126,364,364,364,364,46220288,46220288,46220288,46220288,3595116544,3593478144,3573731328,3596697600,63334,63334,63334,63334,2015240192,1959845888,2015240192,8.3498,9.6659,10.4478,3450.77,29.2874,31.0149,31.7315,150.6578,3.5924,3.9697,4.1865,6.9775,25.277,26.3875,26.7197,86.7229,21.0557,23.2633,24.3234,58.2529,0.0091,0.0176,0.0248,3332.1731,0.0091,0.0176,0.0232,0.1848,121.8,151.5,174.9,312.3,0.3,0.6,0.7,2372841.1,70.9,86.7,105.4,6364.3,0.0,0.0,0.0,78685.6,0.0,0.0,0.0,1961196.5,0.0,0.0,0.0,22574.3,0.0,0.0,0.0,270572.1,0.0,0.0,0.0,0.0,0.2283
Standalone,before,Before_Standalone_02,ActualNewKnowledge,194a0dbddacf9c5ea5d6b19f66773c2effb984c0,6668FAD744D2B2F3B6829FF1B1668354641A799BAF6EE697FD65D8DE3C4B386F,360,6.044600000677747,18.8376000005519,30.264199998782715,43.004799999835086,45.19550000077288,7,0,1,1,1,7,0,2,7,2,7,2,7,2,7,1,1,1,1,6,11,6,11,4,19,4,19,3809280,11329536,3809280,11329536,3593973760,3602935808,3593973760,3602935808,63334,63334,63334,63334,1959845888,1962217472,1962217472,3.0305,9.5441,28.0711,29.6925,18.8796,29.5647,31.8128,32.484,3.7524,4.3536,4.8622,5.2738,15.1667,25.3028,27.5212,27.633,15.6195,25.984,28.6927,29.4564,0.009,0.0193,6.5767,6.9897,0.009,0.018,0.0209,0.0227,71.5,142.2,14570.8,14723.1,85.3,1503.9,5528.6,5846.5,0.0,205.1,723.8,1197.7,1.4,1246.5,4204.8,4604.7,1.0,8.1,384.9,457.5,0.0,0.0,680.8,753.9,0.0,0.2,0.5,0.6,0.0,0.0,0.0,0.0,3.2935
Standalone,before,Before_Standalone_04,Empty,194a0dbddacf9c5ea5d6b19f66773c2effb984c0,6668FAD744D2B2F3B6829FF1B1668354641A799BAF6EE697FD65D8DE3C4B386F,240,0.13299999955052044,29.563000000052853,31.710499999462627,33.28779999901599,68.90949999979057,3,0,1,0,0,7,0,0,0,0,0,0,0,0,0,0,0,0,0,0,0,0,0,0,0,0,0,0,0,0,0,3238772736,3272114176,3238772736,3283308544,53498,53498,53498,53498,1934897152,1934897152,1934897152,8.3136,9.9548,11.0574,67.496,29.5382,30.8762,31.3655,34.0333,3.7606,4.4158,5.1922,6.201,25.2757,26.5006,26.87,28.9699,21.3261,23.064,24.0744,25.1735,0.0099,0.0243,0.1836,32.9774,0.0099,0.0223,0.0388,0.0859,118.6,154.3,195.5,247.1,0.3,0.5,0.7,0.8,70.9,88.1,133.1,157.6,0.0,0.0,0.0,0.0,0.0,0.0,0.0,0.0,0.0,0.0,0.0,0.0,0.0,0.0,0.0,0.0,0.0,0.0,0.0,0.0,0.2088
Standalone,before,Before_Standalone_04,OneWhole,194a0dbddacf9c5ea5d6b19f66773c2effb984c0,6668FAD744D2B2F3B6829FF1B1668354641A799BAF6EE697FD65D8DE3C4B386F,300,1.7284000005020062,29.518900000766735,32.233899999482674,34.24769999946875,35.39239999918209,6,0,2,0,0,8,1,1,1,1,1,1,1,1,1,0,0,0,0,4,4,4,4,3,3,3,3,0,235520,0,235520,3273109504,3274113024,3273035776,3277619200,53651,53651,53651,53651,1934897152,1934974976,1934974976,8.3609,10.0377,10.9503,22.0531,29.5505,31.0456,31.863,33.8949,3.6439,4.0946,4.3989,5.8004,25.3456,26.4803,26.6753,28.492,21.3241,23.4374,24.5253,25.849,0.0093,0.018,0.0215,0.0381,0.0093,0.018,0.0215,0.0381,137.9,232.6,270.2,11195.2,49.8,96.2,101.2,616.5,94.1,113.4,137.9,266.8,0.4,2.8,3.5,382.8,0.4,0.7,1.0,78.3,0.0,98.5,106.1,126.6,0.1,0.2,0.4,2.0,0.0,0.0,0.0,0.0,0.4253
Standalone,before,Before_Standalone_04,EightWhole,194a0dbddacf9c5ea5d6b19f66773c2effb984c0,6668FAD744D2B2F3B6829FF1B1668354641A799BAF6EE697FD65D8DE3C4B386F,300,11.976600000707549,29.84409999953641,34.73639999901934,39.247499998964486,39.85539999848697,20,0,1,0,0,15,2,8,8,8,9,8,8,8,8,0,0,0,0,32,38,32,38,24,24,24,24,0,1884160,0,1884160,3274985472,3273732096,3269795840,3277488128,54171,54183,54171,54183,1934974976,1935998976,1935998976,9.0419,16.8652,19.3152,25.5519,29.7413,31.5606,32.0666,32.5862,3.7368,4.207,5.0317,5.8707,25.4752,26.4635,26.7341,26.9564,20.7047,23.126,23.6899,24.867,0.0092,0.0175,0.0218,0.0828,0.0092,0.0175,0.0218,0.0828,243.9,616.5,5786.2,8677.0,354.8,1329.3,9593.1,9804.6,271.7,420.5,750.6,839.4,1.8,60.5,725.1,1098.2,0.7,74.5,264.0,794.0,0.0,322.0,349.2,394.0,0.1,0.7,0.9,1.3,0.0,0.0,0.0,0.0,7.8054
Standalone,before,Before_Standalone_04,ThirtyTwoWhole,194a0dbddacf9c5ea5d6b19f66773c2effb984c0,6668FAD744D2B2F3B6829FF1B1668354641A799BAF6EE697FD65D8DE3C4B386F,360,51.282000000355765,29.936600001747138,43.62030000083905,47.25250000046799,83.26339999985066,66,0,3,0,0,39,3,31,27,27,33,27,27,27,27,0,0,0,0,120,183,120,183,81,81,81,81,0,6359040,0,6359040,3277697024,3303653376,3277697024,3303653376,56192,56318,56192,56318,1938903040,1943117824,1943117824,11.5144,26.6953,37.6467,80.0004,29.9837,31.6713,32.1361,33.0176,3.8741,4.4609,4.8532,6.8989,25.5499,26.7331,26.9867,27.6981,17.9323,20.6741,21.5117,23.0858,0.0091,0.0205,18.7912,43.6045,0.009,0.0173,0.0292,0.0577,1041.8,3097.0,8760.2,38323.8,1479.5,13890.5,17560.9,20830.6,858.1,1525.5,1943.7,2106.4,5.0,205.2,307.5,4796.2,1.8,1338.6,2070.4,3106.9,0.0,1181.6,1287.2,2036.7,0.3,1.4,1.6,2.2,0.0,0.0,0.0,0.0,17.997
Standalone,before,Before_Standalone_04,PartialNewThenRepeat,194a0dbddacf9c5ea5d6b19f66773c2effb984c0,6668FAD744D2B2F3B6829FF1B1668354641A799BAF6EE697FD65D8DE3C4B386F,360,4.585599999700207,18.687499999941792,30.898199998773634,43.27899999952933,54.7327000003861,11,0,1,0,0,7,0,1,1,1,1,1,1,1,1,1,1,1,1,2,2,2,2,1,1,1,1,0,3809280,0,3809280,3323043840,3343007744,3314745344,3347202048,56376,56376,56376,56376,1943117824,1944203264,1952423936,5.9092,12.803,32.6913,38.5182,18.7345,29.5039,32.4011,32.8078,3.7636,4.3672,5.055,6.9856,15.0937,25.3836,26.8689,32.2302,14.0341,22.7646,26.6561,27.7707,0.009,0.0193,13.1476,18.4858,0.0089,0.0179,0.0195,0.0231,69.7,5375.2,13545.0,19081.9,65.3,88.5,5111.8,13226.2,0.0,181.4,595.1,631.1,0.7,1.3,8.3,5390.5,0.5,1.0,1.3,1226.8,0.0,0.0,2003.2,2831.6,0.0,457.6,11521.3,12457.3,0.0,0.0,0.0,0.0,5.4292
Standalone,before,Before_Standalone_04,Overlap64,194a0dbddacf9c5ea5d6b19f66773c2effb984c0,6668FAD744D2B2F3B6829FF1B1668354641A799BAF6EE697FD65D8DE3C4B386F,360,344.3602000006649,29.395200001090416,31.872399998974288,32.74210000017774,739.4205000000511,2,1,1,65,65,15,4,1,1,1,1,1,1,1,1,1,1,1,1,2,2,2,2,1,1,1,1,3809280,3809280,3809280,3809280,3376414720,3364425728,3364323328,3376680960,56376,56376,56376,56376,1952067584,1952067584,1952067584,8.4868,9.7894,11.1238,737.6127,29.4325,31.0962,31.6642,32.0988,3.7135,4.2303,5.1546,5.4627,25.2705,26.4938,26.7872,28.7079,21.0153,23.178,23.9943,24.25,0.0092,0.0182,0.6378,682.5946,0.0091,0.0178,0.0245,0.0413,121.4,144.6,171.0,217.3,0.5,0.8,1.0,363904.2,72.2,88.4,104.9,1943.8,0.0,0.0,0.0,9519.9,0.0,0.0,0.0,306852.0,0.0,0.0,0.0,7532.4,0.0,0.0,0.0,23377.4,0.0,0.0,0.0,0.0,0.2303
Standalone,before,Before_Standalone_04,SameIdentity64,194a0dbddacf9c5ea5d6b19f66773c2effb984c0,6668FAD744D2B2F3B6829FF1B1668354641A799BAF6EE697FD65D8DE3C4B386F,360,386.1453999998048,29.245200001241756,31.63010000025679,32.049599998572376,1247.4583000002895,1,1,1,65,65,8,5,1,1,1,1,1,1,1,1,1,1,1,1,2,2,2,2,1,1,1,1,3809280,3809280,3809280,3809280,3397111808,3392835584,3392827392,3397435392,56376,56376,56376,56376,1960210432,1960210432,1960210432,8.324,9.9012,10.543,1214.077,29.2871,30.6857,31.3219,31.5375,3.6626,4.0992,4.3104,4.9444,24.9625,26.2776,27.6163,28.527,20.9003,23.064,24.0104,32.0203,0.0087,0.0181,1.0388,1175.0549,0.0087,0.0176,0.0553,0.0765,121.3,149.9,190.7,246.3,0.3,0.5,0.7,830973.2,71.9,87.2,114.3,1758.7,0.0,0.0,0.0,10533.2,0.0,0.0,0.0,698374.9,0.0,0.0,0.0,8695.5,0.0,0.0,0.0,94242.4,0.0,0.0,0.0,0.0,0.2105
Standalone,before,Before_Standalone_04,Distributed184,194a0dbddacf9c5ea5d6b19f66773c2effb984c0,6668FAD744D2B2F3B6829FF1B1668354641A799BAF6EE697FD65D8DE3C4B386F,360,1073.3180999995966,29.33119999943301,31.582999999955064,39.75259999970149,3527.220699999816,4,1,3,185,185,10,6,121,121,121,121,121,121,121,121,121,121,121,121,122,122,122,122,361,361,361,361,44966912,44966912,44966912,44966912,3553230848,3544944640,3544707072,3557289984,58881,58881,58881,58881,1983590400,1983590400,1983590400,8.2911,9.4606,10.3513,3483.4204,29.2542,30.7645,44.295,161.6248,3.6659,4.1365,4.5089,6.3696,25.093,26.4194,35.5822,80.6893,21.1056,22.9389,31.0994,41.0424,0.0087,0.0173,0.5512,3317.0786,0.0087,0.0167,0.0216,0.5512,123.2,164.1,178.3,197.4,0.4,0.6,0.8,2396069.3,72.8,99.3,122.1,6624.3,0.0,0.0,0.0,87704.0,0.0,0.0,0.0,1972243.2,0.0,0.0,0.0,23522.3,0.0,0.0,0.0,271857.4,0.0,0.0,0.0,0.0,0.2395
Standalone,before,Before_Standalone_04,FastSweep90,194a0dbddacf9c5ea5d6b19f66773c2effb984c0,6668FAD744D2B2F3B6829FF1B1668354641A799BAF6EE697FD65D8DE3C4B386F,180,394.3773000009969,17.942299999049283,19.06839999901422,30.0982999997359,787.7477000001818,1,1,1,65,65,15,4,1,1,1,1,1,1,1,1,1,1,1,1,2,2,2,2,1,1,1,1,3809280,3809280,3809280,3809280,3545829376,3546271744,3545829376,3546271744,60145,60145,60145,60145,1991454720,1991454720,1991454720,2.8339,3.6637,14.2728,753.1448,18.0002,19.0822,28.952,29.9024,3.4433,3.7761,4.7779,4.7779,14.6753,15.209,29.0982,29.0982,15.0813,16.2057,27.1246,33.0151,0.009,0.0173,713.2541,713.2541,0.009,0.0164,0.0294,0.0559,49.0,69.0,132.4,132.6,0.4,0.8,1.2,362576.2,0.0,0.0,84.0,1550.1,0.0,0.0,0.0,9521.4,0.0,0.0,0.0,305965.8,0.0,0.0,0.0,7508.1,0.0,0.0,0.0,23536.6,0.0,0.0,0.0,0.0,0.15769999999999998
Standalone,before,Before_Standalone_04,FastSweep160,194a0dbddacf9c5ea5d6b19f66773c2effb984c0,6668FAD744D2B2F3B6829FF1B1668354641A799BAF6EE697FD65D8DE3C4B386F,180,376.71879999834346,17.944200000783894,19.291000000521308,30.216199998903903,772.6507999996102,1,1,1,65,65,15,4,1,1,1,1,1,1,1,1,1,1,1,1,2,2,2,2,1,1,1,1,3809280,3809280,3809280,3809280,3546566656,3547414528,3546566656,3547414528,61409,61409,61409,61409,1999319040,1999319040,1999319040,2.814,3.7537,14.3639,748.0797,18.0379,19.0464,27.6826,29.998,3.4266,3.9485,4.9948,4.9948,14.534,15.1509,25.0514,27.2749,15.0791,16.2024,22.6991,27.4346,0.0088,0.0178,715.7583,715.7583,0.0088,0.0175,0.0225,0.0273,49.4,67.9,127.3,151.4,0.5,0.8,4.5,364865.5,0.0,0.0,94.0,1548.4,0.0,0.0,0.0,9810.4,0.0,0.0,0.0,306958.6,0.0,0.0,0.0,7594.0,0.0,0.0,0.0,23976.6,0.0,0.0,0.0,0.0,0.158
Standalone,before,Before_Standalone_04,StationaryStop,194a0dbddacf9c5ea5d6b19f66773c2effb984c0,6668FAD744D2B2F3B6829FF1B1668354641A799BAF6EE697FD65D8DE3C4B386F,360,4.294700000173179,18.54009999988193,19.917800000257557,30.87729999970179,35.02900000057707,1,0,1,1,1,7,0,2,2,2,2,2,2,2,2,1,1,1,1,6,6,6,6,4,4,4,4,3809280,5062656,3809280,5062656,3547492352,3556880384,3547492352,3557294080,61516,61516,61516,61516,1999319040,1999724544,1999724544,2.9919,5.2132,10.4669,28.4417,18.6509,19.5739,30.6147,35.4429,4.0073,4.4838,4.6596,4.9074,14.9722,15.5442,25.5629,30.3008,15.4312,16.5694,21.2054,27.0787,0.0086,0.0175,0.0224,5.1689,0.0086,0.0174,0.0221,0.0651,63.0,89.6,214.1,14789.8,14.1,1783.0,2860.3,3365.4,13.0,17.6,198.5,206.8,4.3,1320.2,2084.7,2280.9,0.8,223.5,390.1,571.2,0.0,0.0,0.0,717.7,0.0,0.0,0.0,0.1,0.0,0.0,0.0,0.0,2.1433
Standalone,before,Before_Standalone_04,LongRepeatDistributed,194a0dbddacf9c5ea5d6b19f66773c2effb984c0,6668FAD744D2B2F3B6829FF1B1668354641A799BAF6EE697FD65D8DE3C4B386F,1800,1086.0276999992493,29.025900001215632,31.41169999980775,32.84740000162856,3537.3387999989063,15,1,7,186,186,10,6,122,122,122,122,122,122,122,122,121,121,121,121,126,126,126,126,364,364,364,364,46220288,46220288,46220288,46220288,3619885056,3617058816,3600252928,3621224448,64230,64230,64230,64230,2023104512,1959845888,2023104512,8.3109,9.5305,10.6921,3478.1809,29.103,30.6502,31.3571,148.2459,3.6898,4.1092,4.3592,7.0426,24.9477,26.1726,26.5137,71.9237,20.8623,22.8755,23.7887,57.4626,0.0091,0.0175,0.0237,3361.4629,0.0091,0.0174,0.0218,0.0594,122.6,158.1,187.3,418.2,0.3,0.6,0.7,2393031.1,71.5,94.3,107.4,6498.9,0.0,0.0,0.0,79850.3,0.0,0.0,0.0,1973857.1,0.0,0.0,0.0,22938.9,0.0,0.0,0.0,275784.3,0.0,0.0,0.0,0.0,0.235
Standalone,before,Before_Standalone_04,ActualNewKnowledge,194a0dbddacf9c5ea5d6b19f66773c2effb984c0,6668FAD744D2B2F3B6829FF1B1668354641A799BAF6EE697FD65D8DE3C4B386F,360,6.076899999243324,18.565200000011828,30.09620000011637,43.55749999922409,44.44079999848327,7,0,2,1,1,7,0,2,7,2,7,2,7,2,7,1,1,1,1,6,11,6,11,4,19,4,19,3809280,11329536,3809280,11329536,3617570816,3627929600,3617058816,3627929600,64230,64230,64230,64230,1959845888,1962217472,1962217472,3.044,9.8749,28.4933,29.437,18.6244,29.5685,31.4783,32.0979,4.0001,4.6011,4.9391,5.8319,14.9934,25.3824,27.2647,27.5662,15.3786,25.506,28.1012,28.7493,0.0089,0.0185,7.5556,8.9366,0.0089,0.0169,0.0195,0.0298,69.3,129.0,14654.6,14763.1,89.8,1740.7,5485.4,5908.8,0.0,213.5,690.6,1317.8,1.4,1325.5,4627.2,4988.1,0.9,7.8,392.9,415.4,0.0,0.0,689.5,699.5,0.0,0.3,0.5,0.8,0.0,0.0,0.0,0.0,4.1855
Standalone,after,After_Standalone_02,Empty,5ec64c1d8dfef1e20d13ed98fc3c6617828d9170,AE4AB439A898C6467604E4C35064BB7D24D578B29E98B8095C122713B96D1ABD,240,0.11139999878650997,24.16850000008708,28.42919999966398,31.081999999514665,35.674099999596365,1,0,1,0,0,7,0,0,0,0,0,0,0,0,0,0,0,0,0,0,0,0,0,0,0,0,0,0,0,0,0,3226697728,3242737664,3226697728,3242737664,53499,53499,53499,53499,1934897152,1934897152,1934897152,12.5335,17.5425,20.451,27.9625,24.2665,26.5735,27.3756,28.5511,2.9765,3.5618,4.0582,4.0729,16.0234,17.7598,18.9743,19.9636,9.0462,14.0415,14.9357,16.1535,0.0089,0.018,0.0229,0.0408,0.0089,0.018,0.0229,0.0408,117.5,156.1,197.0,311.0,0.3,0.6,0.7,1.0,72.7,95.6,132.5,249.0,0.0,0.0,0.0,0.0,0.0,0.0,0.0,0.0,0.0,0.0,0.0,0.0,0.0,0.0,0.0,0.0,0.0,0.0,0.0,0.0,0.2085
Standalone,after,After_Standalone_02,OneWhole,5ec64c1d8dfef1e20d13ed98fc3c6617828d9170,AE4AB439A898C6467604E4C35064BB7D24D578B29E98B8095C122713B96D1ABD,300,2.0036000005347887,24.28220000001602,28.78679999957967,32.61689999999362,34.66820000176085,2,0,1,0,0,8,1,1,1,1,2,1,1,1,1,0,0,0,0,4,7,4,7,3,3,3,3,0,235520,0,235520,3244150784,3183202304,3179913216,3249467392,53652,53658,53652,53658,1934897152,1935175680,1935175680,12.8188,18.2108,20.6153,30.2914,24.2335,26.3628,28.0755,30.1236,2.9269,3.1921,3.5145,5.2348,16.0427,17.828,19.3258,20.2239,8.6379,14.2913,15.5674,15.7365,0.0087,0.0171,0.0214,1.6154,0.0087,0.017,0.0205,0.0215,137.6,263.9,898.9,11307.7,50.1,97.1,4115.0,6380.9,96.7,121.1,310.0,861.9,0.4,3.0,60.8,309.1,0.5,1.0,1275.1,1828.7,0.0,98.3,151.1,195.5,0.1,0.3,0.4,19.6,0.0,0.0,0.0,0.0,0.43
Standalone,after,After_Standalone_02,EightWhole,5ec64c1d8dfef1e20d13ed98fc3c6617828d9170,AE4AB439A898C6467604E4C35064BB7D24D578B29E98B8095C122713B96D1ABD,300,12.838800001190975,24.414599998635822,29.992599998877267,34.955099999933736,42.62600000038219,4,0,1,0,0,15,2,8,8,8,9,8,8,8,8,0,0,0,0,32,56,32,56,24,24,24,24,0,1884160,0,1884160,3184209920,3198291968,3184209920,3198291968,54178,54226,54178,54226,1935175680,1937403904,1937403904,13.3597,20.608,27.3647,34.4219,24.513,26.3436,27.015,28.9147,3.0267,3.3007,3.8138,5.0287,16.2058,18.3305,19.3025,19.6045,8.3187,14.1461,14.9667,15.179,0.009,0.0174,6.6215,7.1578,0.009,0.0169,0.0244,0.0277,247.0,877.9,2055.1,3393.9,360.0,7831.0,9695.5,9847.0,276.2,695.1,861.1,930.2,1.9,64.9,615.8,910.0,0.9,666.6,1514.5,1577.4,0.0,289.2,349.5,364.9,0.2,0.7,0.8,1.2,0.0,0.0,0.0,0.0,9.971
Standalone,after,After_Standalone_02,ThirtyTwoWhole,5ec64c1d8dfef1e20d13ed98fc3c6617828d9170,AE4AB439A898C6467604E4C35064BB7D24D578B29E98B8095C122713B96D1ABD,360,50.8146999982273,24.173999998311047,37.3849000006885,42.54690000016126,84.13350000046194,29,0,3,0,0,39,3,31,27,27,33,27,27,27,27,0,0,0,0,120,192,120,192,81,81,81,81,0,6359040,0,6359040,3203764224,3228909568,3203764224,3228909568,56235,56379,56235,56379,1940307968,1945124864,1945124864,17.3065,31.11,39.4678,81.6105,23.9507,26.3866,27.7931,28.3672,3.0614,3.4904,3.9413,4.9698,16.3362,18.6367,20.1371,20.9253,6.1224,12.5668,14.3737,14.8756,0.0095,10.9943,27.2912,28.0303,0.0089,0.0177,0.0549,0.1799,888.2,3032.8,4788.4,14399.5,1204.9,10989.3,16993.6,27395.3,785.4,1315.6,1811.0,2404.6,5.3,192.5,336.7,4116.1,2.0,1446.7,2217.1,2565.8,0.0,918.9,1155.8,1818.8,0.3,1.5,1.8,2.8,0.0,0.0,0.0,0.0,17.080599999999997
Standalone,after,After_Standalone_02,PartialNewThenRepeat,5ec64c1d8dfef1e20d13ed98fc3c6617828d9170,AE4AB439A898C6467604E4C35064BB7D24D578B29E98B8095C122713B96D1ABD,360,5.366800000047078,22.013499999957276,29.714399999647867,41.60220000085246,46.557199999369914,11,0,1,0,0,7,0,1,1,1,1,1,1,1,1,1,1,1,1,2,2,2,2,1,1,1,1,0,3809280,0,3809280,3246342144,3247845376,3238182912,3247845376,56437,56437,56437,56437,1954430976,1954430976,1954430976,11.5277,19.5121,36.2114,40.552,22.6515,24.9275,25.9209,27.6878,2.766,3.298,3.4713,3.9867,14.9019,18.2944,19.2057,22.6377,8.2267,16.3468,18.1553,18.9332,0.009,0.02,6.3224,12.6685,0.0089,0.0174,0.0215,0.0643,77.9,5282.3,13179.9,17844.2,64.8,97.9,5125.6,11002.3,0.0,200.7,499.7,518.7,0.7,1.5,8.8,4677.2,0.5,1.0,1.3,1221.2,0.0,0.0,1999.6,2177.1,0.0,447.7,11619.9,13696.6,0.0,0.0,0.0,0.0,5.344399999999999
Standalone,after,After_Standalone_02,Overlap64,5ec64c1d8dfef1e20d13ed98fc3c6617828d9170,AE4AB439A898C6467604E4C35064BB7D24D578B29E98B8095C122713B96D1ABD,360,182.73869999939052,23.93119999942428,28.859000000011292,30.723100000614068,499.49519999972836,2,1,2,65,65,15,4,65,1,1,65,65,1,1,65,65,1,1,65,66,2,2,66,193,1,1,193,25026560,3809280,3809280,25026560,3312951296,3314008064,3312951296,3314130944,57829,57829,57829,57829,1962295296,1962295296,1962295296,12.625,17.7082,19.3131,505.4077,23.9513,25.7631,26.5179,26.9264,2.9423,3.266,3.4689,5.2956,16.0294,18.2561,19.6821,20.5963,8.392,13.9138,14.6999,14.7492,0.0092,0.0191,6.131,442.5268,0.009,0.018,0.0245,0.0274,119.8,162.5,201.7,388.4,0.5,0.8,1.0,283697.1,73.8,98.6,196.6,2345.6,0.0,0.0,0.0,9187.4,0.0,0.0,0.0,225773.0,0.0,0.0,0.0,13802.0,0.0,0.0,0.0,22809.9,0.0,0.0,0.0,0.0,0.2542
Standalone,after,After_Standalone_02,SameIdentity64,5ec64c1d8dfef1e20d13ed98fc3c6617828d9170,AE4AB439A898C6467604E4C35064BB7D24D578B29E98B8095C122713B96D1ABD,360,197.10789999953704,23.751300001094933,27.81659999891417,30.49479999936011,877.9887000000599,1,1,1,65,65,8,5,1,1,1,1,1,1,1,1,1,1,1,1,2,2,2,2,1,1,1,1,3809280,3809280,3809280,3809280,3333513216,3334434816,3332427776,3334602752,58883,58883,58883,58883,1970438144,1970438144,1970438144,12.5792,17.3365,18.7301,858.8276,23.8185,26.0135,26.7383,29.3371,2.917,3.2359,3.386,4.5149,15.8339,18.07,19.8323,20.28,8.5456,14.2146,15.1239,19.7767,0.0085,0.0174,10.1725,821.4432,0.0084,0.0168,0.0203,0.0234,118.5,158.7,181.6,205.4,0.3,0.6,0.7,644655.7,73.2,92.9,124.9,1806.7,0.0,0.0,0.0,10739.7,0.0,0.0,0.0,517049.8,0.0,0.0,0.0,7985.0,0.0,0.0,0.0,89879.9,0.0,0.0,0.0,0.0,0.2205
Standalone,after,After_Standalone_02,Distributed184,5ec64c1d8dfef1e20d13ed98fc3c6617828d9170,AE4AB439A898C6467604E4C35064BB7D24D578B29E98B8095C122713B96D1ABD,360,553.0426000004809,24.15629999995872,27.969700000539888,41.03159999976924,2467.69569999924,4,1,2,185,185,10,6,121,121,121,121,121,121,121,121,121,121,121,121,122,122,122,122,361,361,361,361,44966912,44966912,44966912,44966912,3491352576,3481710592,3481485312,3494055936,61805,61805,61805,61805,1993818112,1959440384,1993818112,12.5188,18.1186,26.0064,2442.3918,24.028,26.2027,30.5145,41.5431,2.9156,3.315,3.5819,5.8295,15.9491,18.3634,30.4531,31.6043,8.6941,14.441,15.1845,28.764,0.0086,0.0172,8.1163,33.6942,0.0085,0.0168,0.0186,0.0209,119.5,163.6,214.1,245.2,0.3,0.6,0.8,1854519.9,74.0,104.5,124.5,6334.0,0.0,0.0,0.0,85024.1,0.0,0.0,0.0,1452536.8,0.0,0.0,0.0,22478.6,0.0,0.0,0.0,255271.8,0.0,0.0,0.0,0.0,0.2503
Standalone,after,After_Standalone_02,FastSweep90,5ec64c1d8dfef1e20d13ed98fc3c6617828d9170,AE4AB439A898C6467604E4C35064BB7D24D578B29E98B8095C122713B96D1ABD,180,186.1942999985331,21.616500000163796,27.796399999715504,36.707100000057835,495.14470000030997,2,1,2,65,65,15,4,65,1,1,65,65,1,1,65,65,1,1,65,66,2,2,66,193,1,1,193,25026560,3809280,3809280,25026560,3482329088,3485696000,3482329088,3485696000,61805,61805,61805,61805,1967304704,1967304704,1967304704,10.2013,15.8867,38.2029,490.5599,22.2616,24.8711,25.4397,28.6388,2.6785,3.0303,3.6645,4.9311,14.7795,18.1253,20.68,20.68,9.5066,17.8752,19.2097,19.3397,0.009,0.0182,28.2297,439.9373,0.0088,0.0176,0.0214,0.0226,48.6,69.3,129.1,144.9,0.5,0.8,21164.1,275728.8,0.0,0.0,1387.1,2384.2,0.0,0.0,16.7,9302.5,0.0,0.0,10.5,225495.1,0.0,0.0,7450.8,7767.0,0.0,0.0,0.0,22204.6,0.0,0.0,0.0,0.0,0.1656
Standalone,after,After_Standalone_02,FastSweep160,5ec64c1d8dfef1e20d13ed98fc3c6617828d9170,AE4AB439A898C6467604E4C35064BB7D24D578B29E98B8095C122713B96D1ABD,180,206.82210000086343,21.350999999413034,27.583299999605515,28.64159999990079,518.9738999997644,1,1,1,65,65,15,4,1,1,1,1,1,1,1,1,1,1,1,1,2,2,2,2,1,1,1,1,3809280,3809280,3809280,3809280,3485904896,3486158848,3485904896,3486158848,61805,61805,61805,61805,1975169024,1975169024,1975169024,10.2899,15.9917,17.1055,506.7782,22.3658,24.4971,26.8,27.4906,2.6556,2.8571,3.0089,4.4361,14.6762,18.5837,21.1382,21.1382,9.2318,17.4806,19.8402,20.9437,0.0088,0.0173,16.2873,16.2873,0.0087,0.0169,0.0184,0.0217,48.4,70.8,127.7,141.0,0.5,0.9,1.5,279493.0,0.0,0.0,82.1,1460.5,0.0,0.0,0.0,9569.1,0.0,0.0,0.0,225019.2,0.0,0.0,0.0,7313.6,0.0,0.0,0.0,22294.0,0.0,0.0,0.0,0.0,0.1616
Standalone,after,After_Standalone_02,StationaryStop,5ec64c1d8dfef1e20d13ed98fc3c6617828d9170,AE4AB439A898C6467604E4C35064BB7D24D578B29E98B8095C122713B96D1ABD,360,3.7431000000651693,21.522299999560346,27.904399999897578,29.752899999948568,35.42190000007395,1,0,1,1,1,7,0,2,2,2,2,2,2,2,2,1,1,1,1,6,6,6,6,4,4,4,4,3809280,5062656,3809280,5062656,3486294016,3487191040,3486294016,3489312768,61805,61805,61805,61805,1975574528,1975574528,1975574528,10.2893,15.7357,18.2634,28.79,22.5619,24.8261,25.49,28.2841,2.7968,3.1055,3.227,3.7648,14.8611,18.2928,18.597,19.5647,10.5832,16.4078,18.3293,19.3943,0.0084,0.0178,0.0226,1.0684,0.0084,0.0178,0.0214,0.024,60.2,91.0,154.4,4408.2,14.0,1530.0,2692.8,2933.5,12.5,18.2,196.3,212.9,4.2,1106.7,1890.6,2289.5,0.9,193.4,381.1,470.9,0.0,0.0,0.0,694.2,0.0,0.0,0.0,0.4,0.0,0.0,0.0,0.0,1.8174000000000001
Standalone,after,After_Standalone_02,LongRepeatDistributed,5ec64c1d8dfef1e20d13ed98fc3c6617828d9170,AE4AB439A898C6467604E4C35064BB7D24D578B29E98B8095C122713B96D1ABD,1800,613.8816000002407,24.25240000047779,27.58920000087528,31.657600000471575,2531.686300000729,6,1,3,186,186,10,6,122,122,122,122,122,122,122,122,121,121,121,121,126,126,126,126,364,364,364,364,46220288,46220288,46220288,46220288,3515863040,3512680448,3497472000,3516178432,61805,61805,61805,61805,1998954496,1959845888,1998954496,12.7408,17.7692,19.2395,2470.1438,24.3135,26.2833,27.124,33.3302,2.9493,3.252,3.4914,6.1336,16.0549,18.2513,19.5406,31.0215,8.7225,14.3609,15.2293,68.6571,0.0087,0.0171,0.0238,28.535,0.0087,0.017,0.0226,0.1553,119.9,159.8,184.3,328.4,0.4,0.7,0.8,1856058.4,73.9,102.4,118.5,6441.7,0.0,0.0,0.0,78164.7,0.0,0.0,0.0,1461149.4,0.0,0.0,0.0,22134.1,0.0,0.0,0.0,255017.9,0.0,0.0,0.0,0.0,0.2365
Standalone,after,After_Standalone_02,ActualNewKnowledge,5ec64c1d8dfef1e20d13ed98fc3c6617828d9170,AE4AB439A898C6467604E4C35064BB7D24D578B29E98B8095C122713B96D1ABD,360,6.8567999987863,21.747400000094785,28.644699999858858,31.447899998966022,52.157699999952456,3,0,1,1,1,7,0,2,7,2,7,2,7,2,7,1,1,1,1,6,11,6,11,4,19,4,19,3809280,11329536,3809280,11329536,3511107584,3511795712,3511107584,3511795712,61805,61805,61805,61805,1960251392,1962217472,1962217472,10.4106,17.3432,26.5208,42.7919,22.8266,25.853,27.0276,29.4386,2.8068,3.2444,3.659,4.3248,15.3249,18.9809,20.2211,21.2367,9.5118,18.4675,20.4856,21.2902,0.0085,0.0171,1.529,10.3689,0.0085,0.0167,0.0198,0.0847,70.6,153.5,4416.9,4531.1,76.3,1610.7,5295.0,5923.2,0.0,201.3,904.2,1185.3,1.5,1117.9,3950.4,4401.2,1.1,8.5,384.3,410.2,0.0,0.0,657.8,690.6,0.0,0.3,0.4,0.7,0.0,0.0,0.0,0.0,3.4243
Standalone,after,After_Standalone_03,Empty,5ec64c1d8dfef1e20d13ed98fc3c6617828d9170,AE4AB439A898C6467604E4C35064BB7D24D578B29E98B8095C122713B96D1ABD,240,0.12739999874611385,24.45640000041749,29.858199999580393,32.644899998558685,37.62969999843335,2,0,1,0,0,7,0,0,0,0,0,0,0,0,0,0,0,0,0,0,0,0,0,0,0,0,0,0,0,0,0,3218677760,3236937728,3218677760,3236937728,53499,53499,53499,53499,1934995456,1934897152,1934995456,12.8393,18.1754,21.9989,24.2138,24.5444,26.9223,29.0106,36.9184,3.0422,3.5868,4.0525,4.1655,16.1031,18.0745,19.4084,19.7855,9.1305,14.5384,15.3833,24.9593,0.0094,0.0176,0.0225,0.0307,0.0094,0.0176,0.0225,0.0307,118.3,172.6,202.7,299.6,0.3,0.6,0.7,3.9,73.0,121.0,146.8,150.9,0.0,0.0,0.0,0.0,0.0,0.0,0.0,0.0,0.0,0.0,0.0,0.0,0.0,0.0,0.0,0.0,0.0,0.0,0.0,0.0,0.2286
Standalone,after,After_Standalone_03,OneWhole,5ec64c1d8dfef1e20d13ed98fc3c6617828d9170,AE4AB439A898C6467604E4C35064BB7D24D578B29E98B8095C122713B96D1ABD,300,2.0308999992266763,24.294599999848288,29.050200000710902,31.65670000089449,35.89029999966442,2,0,1,0,0,8,1,1,1,1,2,1,1,1,1,0,0,0,0,4,7,4,7,3,3,3,3,0,235520,0,235520,3237617664,3185037312,3179925504,3242856448,53652,53658,53652,53658,1934974976,1935175680,1935175680,12.6376,17.6672,21.332,27.0024,24.4983,26.17,26.8866,27.5436,2.9946,3.2295,3.4615,5.12,15.9723,17.985,19.2957,19.531,8.7547,14.3108,15.0807,15.3847,0.009,0.0186,0.0315,0.0672,0.009,0.0186,0.0315,0.0672,140.3,253.9,810.8,11343.4,49.8,98.8,4131.5,7040.8,97.6,167.5,330.0,827.4,0.4,3.1,63.0,306.2,0.5,0.9,1191.5,1838.4,0.0,98.9,135.5,143.3,0.1,0.3,0.4,0.5,0.0,0.0,0.0,0.0,0.4362
Standalone,after,After_Standalone_03,EightWhole,5ec64c1d8dfef1e20d13ed98fc3c6617828d9170,AE4AB439A898C6467604E4C35064BB7D24D578B29E98B8095C122713B96D1ABD,300,13.15489999979036,23.980799998753355,29.893599999923026,38.100800000393065,44.717700000546756,6,0,1,0,0,15,2,8,8,8,9,8,8,8,8,0,0,0,0,32,53,32,53,24,24,24,24,0,1884160,0,1884160,3186667520,3201654784,3186667520,3201654784,54178,54220,54178,54220,1935175680,1937203200,1937203200,13.3833,20.9174,27.2064,34.6286,24.352,26.2318,26.927,29.5443,3.0532,3.3529,3.7458,5.4731,16.1901,17.9534,19.9217,20.2199,8.4444,14.2018,14.5438,15.0276,0.0089,0.0175,0.0217,0.0269,0.0089,0.0175,0.0217,0.0269,249.0,822.7,2112.9,3511.8,358.7,6449.3,9827.5,11203.8,276.0,678.7,810.5,882.3,1.8,63.8,623.0,645.0,0.8,541.3,1553.6,1733.5,0.0,237.7,356.0,419.1,0.2,0.7,0.9,1.1,0.0,0.0,0.0,0.0,7.9654
Standalone,after,After_Standalone_03,ThirtyTwoWhole,5ec64c1d8dfef1e20d13ed98fc3c6617828d9170,AE4AB439A898C6467604E4C35064BB7D24D578B29E98B8095C122713B96D1ABD,360,52.15940000016417,23.516799999924842,38.4477000006882,56.14699999932782,86.87500000087311,32,0,3,0,0,39,3,31,27,27,33,27,27,27,27,0,0,0,0,120,195,120,195,81,81,81,81,0,6359040,0,6359040,3205382144,3223617536,3205382144,3223617536,56229,56379,56229,56379,1940107264,1945124864,1945124864,17.3637,33.9154,48.8024,84.3132,23.1797,26.4512,27.4749,29.6988,3.1268,3.522,3.8304,5.4775,16.2863,18.4279,19.9957,20.466,5.642,12.6404,14.0603,14.6122,0.0102,16.2614,25.3211,26.8542,0.0091,0.0181,0.0374,0.0668,897.4,3215.1,3895.3,14559.6,1213.3,13396.4,27176.9,34158.8,786.6,1486.4,2442.3,2565.2,4.3,198.2,312.0,4505.4,1.9,1244.7,2694.3,3505.0,0.0,886.8,1188.5,2116.5,0.3,1.5,1.8,3.7,0.0,0.0,0.0,0.0,18.298599999999997
Standalone,after,After_Standalone_03,PartialNewThenRepeat,5ec64c1d8dfef1e20d13ed98fc3c6617828d9170,AE4AB439A898C6467604E4C35064BB7D24D578B29E98B8095C122713B96D1ABD,360,4.908000000796164,21.83329999934358,28.364200001306017,44.35359999843058,48.99209999894083,10,0,1,0,0,7,0,1,1,1,1,1,1,1,1,1,1,1,1,2,2,2,2,1,1,1,1,0,3809280,0,3809280,3243487232,3246764032,3235299328,3247104000,56437,56437,56437,56437,1954430976,1954430976,1954430976,11.0769,18.5221,39.6759,41.0508,22.6233,25.1516,26.006,31.3172,2.732,3.1837,3.6519,3.982,14.8411,17.7765,19.5862,21.2772,8.464,17.0212,18.7961,19.1625,0.0089,0.0179,9.1613,10.9895,0.0088,0.0177,0.0187,0.0227,89.3,5337.8,15679.9,17795.4,65.2,98.3,4964.0,11204.2,0.0,214.8,542.6,670.2,0.7,1.6,9.0,4728.3,0.6,1.1,1.6,1239.4,0.0,0.0,1951.0,2528.3,0.0,446.7,11143.3,11467.5,0.0,0.0,0.0,0.0,5.3899
Standalone,after,After_Standalone_03,Overlap64,5ec64c1d8dfef1e20d13ed98fc3c6617828d9170,AE4AB439A898C6467604E4C35064BB7D24D578B29E98B8095C122713B96D1ABD,360,181.5108999999211,23.941299999933108,29.054700000415323,34.42709999944782,511.4756999992096,4,1,2,65,65,15,4,65,1,1,65,65,1,1,65,65,1,1,65,66,2,2,66,193,1,1,193,25026560,3809280,3809280,25026560,3306405888,3307839488,3306405888,3307839488,57829,57829,57829,57829,1962295296,1962295296,1962295296,12.7518,17.6201,18.969,497.0561,24.2416,26.1261,26.8158,32.9801,2.9617,3.263,3.4233,12.5655,16.1265,18.6566,20.0657,20.4637,8.5809,14.0675,14.6237,20.1555,0.0089,0.0185,11.0085,452.1719,0.0089,0.0178,0.0197,0.0334,119.9,163.2,185.9,257.3,0.5,0.9,1.1,280774.0,74.1,93.6,117.9,2431.7,0.0,0.0,0.0,9263.7,0.0,0.0,0.0,225970.5,0.0,0.0,0.0,8352.1,0.0,0.0,0.0,24702.3,0.0,0.0,0.0,0.0,0.24409999999999998
Standalone,after,After_Standalone_03,SameIdentity64,5ec64c1d8dfef1e20d13ed98fc3c6617828d9170,AE4AB439A898C6467604E4C35064BB7D24D578B29E98B8095C122713B96D1ABD,360,196.77450000017416,24.084699998638825,28.17479999976058,31.440499999007443,874.1104000000632,1,1,1,65,65,8,5,1,1,1,1,1,1,1,1,1,1,1,1,2,2,2,2,1,1,1,1,3809280,3809280,3809280,3809280,3326820352,3329089536,3326799872,3329089536,58883,58883,58883,58883,1970438144,1970438144,1970438144,12.6114,17.7124,18.775,862.4421,24.0563,26.1455,27.6629,28.3208,2.9832,3.2671,3.5878,4.2448,15.957,18.1541,18.9881,21.0126,8.84,14.4911,15.1886,17.4229,0.0091,0.0186,7.0706,12.0095,0.009,0.0179,0.0236,0.0626,119.3,154.3,172.8,189.2,0.3,0.6,0.8,644235.6,73.6,89.9,103.6,1736.8,0.0,0.0,0.0,10444.9,0.0,0.0,0.0,518145.6,0.0,0.0,0.0,8717.7,0.0,0.0,0.0,88363.5,0.0,0.0,0.0,0.0,0.21669999999999998
Standalone,after,After_Standalone_03,Distributed184,5ec64c1d8dfef1e20d13ed98fc3c6617828d9170,AE4AB439A898C6467604E4C35064BB7D24D578B29E98B8095C122713B96D1ABD,360,546.3366000003589,23.908299999675364,29.10660000088683,32.008199999836506,2479.8224999995,3,1,1,185,185,10,6,121,121,121,121,121,121,121,121,121,121,121,121,122,122,122,122,361,361,361,361,44966912,44966912,44966912,44966912,3487019008,3476307968,3476062208,3488727040,61805,61805,61805,61805,1993818112,1959440384,1993818112,12.6858,17.605,19.3138,2460.4141,24.1716,26.1178,29.1525,39.1649,2.9922,3.3699,4.0885,6.3304,16.0997,18.339,26.5218,31.6192,8.703,14.1537,15.7189,24.1254,0.0092,0.0193,10.0899,20.4295,0.0092,0.0183,0.0243,0.0533,119.6,160.8,178.8,285.9,0.4,0.7,0.8,1873339.9,74.0,95.7,117.7,6815.1,0.0,0.0,0.0,85294.8,0.0,0.0,0.0,1462915.6,0.0,0.0,0.0,28172.6,0.0,0.0,0.0,252853.5,0.0,0.0,0.0,0.0,0.2366
Standalone,after,After_Standalone_03,FastSweep90,5ec64c1d8dfef1e20d13ed98fc3c6617828d9170,AE4AB439A898C6467604E4C35064BB7D24D578B29E98B8095C122713B96D1ABD,180,195.1771000003646,21.81389999896055,28.267400000913767,30.449700001554447,516.0101000001305,1,1,1,65,65,15,4,1,1,1,1,1,1,1,1,1,1,1,1,2,2,2,2,1,1,1,1,3809280,3809280,3809280,3809280,3476537344,3479670784,3476537344,3479687168,61805,61805,61805,61805,1967304704,1967304704,1967304704,10.2454,16.2534,21.4574,519.4657,22.7701,24.9626,28.5674,32.1133,2.6892,3.0198,3.6749,4.3784,14.8409,18.5043,19.0598,20.5607,9.5012,16.5763,18.9513,19.7291,0.0087,0.0178,2.6974,17.9133,0.0087,0.0165,0.0183,0.0192,48.7,68.0,133.9,136.7,0.5,0.8,0.9,286471.8,0.0,0.0,89.1,1545.2,0.0,0.0,0.0,9963.1,0.0,0.0,0.0,229189.2,0.0,0.0,0.0,7516.4,0.0,0.0,0.0,23335.0,0.0,0.0,0.0,0.0,0.14809999999999998
Standalone,after,After_Standalone_03,FastSweep160,5ec64c1d8dfef1e20d13ed98fc3c6617828d9170,AE4AB439A898C6467604E4C35064BB7D24D578B29E98B8095C122713B96D1ABD,180,220.32500000022992,21.556800000325893,28.491200000644312,31.522900000709342,537.8541999998561,1,1,1,65,65,15,4,1,1,1,1,1,1,1,1,1,1,1,1,2,2,2,2,1,1,1,1,3809280,3809280,3809280,3809280,3479863296,3483451392,3479863296,3483451392,61805,61805,61805,61805,1975169024,1975169024,1975169024,9.9658,16.2806,17.907,517.076,22.9002,25.3817,26.8034,26.8968,2.6822,2.9685,3.1867,4.4929,14.735,18.4903,19.258,19.258,10.2169,18.0435,20.9186,23.6036,0.0088,0.0172,11.5856,11.5856,0.0086,0.0163,0.018,0.0213,48.2,65.8,131.5,138.3,0.5,0.8,0.9,282424.4,0.0,0.0,83.7,1517.8,0.0,0.0,0.0,9615.7,0.0,0.0,0.0,227041.5,0.0,0.0,0.0,7421.5,0.0,0.0,0.0,22674.5,0.0,0.0,0.0,0.0,0.1591
Standalone,after,After_Standalone_03,StationaryStop,5ec64c1d8dfef1e20d13ed98fc3c6617828d9170,AE4AB439A898C6467604E4C35064BB7D24D578B29E98B8095C122713B96D1ABD,360,4.361299999800394,22.173000001203036,27.90869999989809,30.355799999597366,33.03799999957846,1,0,1,1,1,7,0,2,2,2,2,2,2,2,2,1,1,1,1,6,6,6,6,4,4,4,4,3809280,5062656,3809280,5062656,3483586560,3485122560,3483586560,3485122560,61805,61805,61805,61805,1975169024,1975574528,1975574528,10.6006,16.2332,18.2684,34.3171,23.0847,25.5067,26.5639,28.3787,2.8606,3.1984,3.6677,4.3583,15.0555,18.6605,19.1332,21.4868,9.3778,17.3084,18.6512,20.4847,0.009,0.0187,0.0222,0.0543,0.009,0.0187,0.0222,0.0543,60.5,90.2,143.6,4446.1,13.8,1376.2,2739.0,3219.0,12.5,18.1,205.0,315.9,4.1,1019.3,1793.4,2495.5,0.9,183.8,373.2,408.9,0.0,0.0,0.0,663.7,0.0,0.0,0.0,0.3,0.0,0.0,0.0,0.0,1.8709
Standalone,after,After_Standalone_03,LongRepeatDistributed,5ec64c1d8dfef1e20d13ed98fc3c6617828d9170,AE4AB439A898C6467604E4C35064BB7D24D578B29E98B8095C122713B96D1ABD,1800,607.2725999983959,24.111700000503333,27.910599999813712,31.106500000532833,2519.548300000679,6,1,2,186,186,10,6,122,122,122,122,122,122,122,122,121,121,121,121,126,126,126,126,364,364,364,364,46220288,46220288,46220288,46220288,3506642944,3507159040,3490631680,3507408896,61805,61805,61805,61805,1998954496,1959845888,1998954496,12.5724,17.6871,19.0001,2462.1997,24.128,26.1354,26.9176,42.6399,2.9829,3.2736,3.5036,5.9552,16.0464,18.2811,19.4206,29.8545,8.7421,14.2319,14.9049,60.4208,0.0092,0.0182,0.0244,22.8653,0.0091,0.0181,0.0221,0.1186,122.1,164.8,192.6,290.5,0.4,0.7,0.8,1851073.7,75.0,109.4,127.9,6235.4,0.0,0.0,0.0,77124.5,0.0,0.0,0.0,1463084.2,0.0,0.0,0.0,22273.4,0.0,0.0,0.0,249432.3,0.0,0.0,0.0,0.0,0.2414
Standalone,after,After_Standalone_03,ActualNewKnowledge,5ec64c1d8dfef1e20d13ed98fc3c6617828d9170,AE4AB439A898C6467604E4C35064BB7D24D578B29E98B8095C122713B96D1ABD,360,7.7509000002464745,21.841900001163594,28.108099999371916,40.27709999900253,50.1179000002594,4,0,1,1,1,7,0,2,7,2,7,2,7,2,7,1,1,1,1,6,11,6,11,4,19,4,19,3809280,11329536,3809280,11329536,3505553408,3510255616,3505553408,3510255616,61805,61805,61805,61805,1959845888,1962217472,1962217472,10.3952,17.7221,26.305,29.2923,22.903,25.627,27.2501,29.6659,2.8184,3.3696,3.6955,4.2952,15.2172,18.4234,19.0592,19.4478,9.3113,17.4821,19.3151,20.3558,0.0091,0.0174,0.0238,1.5954,0.009,0.0173,0.0208,0.0287,70.7,140.3,4511.6,4668.3,85.7,1424.3,4956.5,5711.3,0.0,205.3,847.9,1351.5,1.6,1107.9,3859.8,4417.7,1.0,8.7,380.2,406.0,0.0,0.0,666.9,675.6,0.0,0.4,0.6,0.7,0.0,0.0,0.0,0.0,3.2798000000000003
Standalone,after,After_Standalone_04,Empty,5ec64c1d8dfef1e20d13ed98fc3c6617828d9170,AE4AB439A898C6467604E4C35064BB7D24D578B29E98B8095C122713B96D1ABD,240,0.12000000060652383,24.227199999586446,27.841899998747976,30.067800000324496,31.103199999051867,0,0,0,0,0,7,0,0,0,0,0,0,0,0,0,0,0,0,0,0,0,0,0,0,0,0,0,0,0,0,0,3210174464,3227594752,3210174464,3227594752,53499,53499,53499,53499,1934905344,1934897152,1934905344,12.5061,17.4151,18.6518,20.2859,24.2121,26.5067,29.0504,29.8632,2.9857,3.5566,3.829,3.8701,16.0668,18.3661,20.1968,20.4368,8.9012,14.3248,15.0431,17.9388,0.0086,0.0178,0.0213,0.0361,0.0086,0.0178,0.0213,0.0361,118.1,166.3,191.1,258.5,0.3,0.5,0.7,0.8,72.9,102.2,126.5,212.2,0.0,0.0,0.0,0.0,0.0,0.0,0.0,0.0,0.0,0.0,0.0,0.0,0.0,0.0,0.0,0.0,0.0,0.0,0.0,0.0,0.2174
Standalone,after,After_Standalone_04,OneWhole,5ec64c1d8dfef1e20d13ed98fc3c6617828d9170,AE4AB439A898C6467604E4C35064BB7D24D578B29E98B8095C122713B96D1ABD,300,2.019800000198302,24.142999998730375,27.779899999586632,31.24519999983022,35.76710000015737,1,0,1,0,0,8,1,1,1,1,2,1,1,1,1,0,0,0,0,4,7,4,7,3,3,3,3,0,235520,0,235520,3228372992,3166523392,3166523392,3232157696,53652,53658,53652,53658,1934974976,1935175680,1935175680,12.8204,18.0097,20.499,30.8833,24.1441,26.2471,27.1263,29.014,2.9361,3.1746,3.5053,5.1014,15.9859,17.9116,19.493,19.7132,8.5293,14.0218,14.6366,15.1203,0.0087,0.0177,0.0238,0.1797,0.0087,0.0177,0.0238,0.1797,139.7,232.1,788.7,11117.2,50.4,97.9,569.9,8196.0,97.3,123.3,169.0,833.6,0.4,2.9,56.6,314.4,0.5,1.0,76.3,1109.8,0.0,99.2,128.4,138.9,0.1,0.3,0.4,0.5,0.0,0.0,0.0,0.0,0.43019999999999997
Standalone,after,After_Standalone_04,EightWhole,5ec64c1d8dfef1e20d13ed98fc3c6617828d9170,AE4AB439A898C6467604E4C35064BB7D24D578B29E98B8095C122713B96D1ABD,300,12.529300000096555,24.517500000001746,30.12520000083896,47.24220000025525,49.42800000026182,7,0,1,0,0,15,2,8,8,8,9,8,8,8,8,0,0,0,0,32,56,32,56,24,24,24,24,0,1884160,0,1884160,3167391744,3183710208,3167391744,3183710208,54178,54226,54178,54226,1935175680,1937403904,1937403904,13.6628,21.8361,25.6945,34.5791,24.8615,26.9224,27.8642,28.6214,3.0173,3.3589,3.9972,5.4627,16.2344,18.4577,20.0331,20.3612,8.5,14.2722,15.2779,15.6136,0.0087,0.0172,0.0281,0.0619,0.0087,0.0172,0.0281,0.0619,246.9,867.7,1975.1,3311.9,360.1,6633.1,9724.4,9946.8,277.2,673.1,825.2,920.6,1.9,65.0,610.1,635.6,1.0,447.5,1731.3,2033.0,0.0,281.7,336.7,354.7,0.2,0.7,1.0,1.2,0.0,0.0,0.0,0.0,8.1185
Standalone,after,After_Standalone_04,ThirtyTwoWhole,5ec64c1d8dfef1e20d13ed98fc3c6617828d9170,AE4AB439A898C6467604E4C35064BB7D24D578B29E98B8095C122713B96D1ABD,360,52.47640000015963,23.78810000118392,36.83160000036878,50.72250000011991,85.63519999916025,30,0,3,0,0,39,3,31,27,27,33,27,27,27,27,0,0,0,0,120,198,120,198,81,81,81,81,0,6359040,0,6359040,3187523584,3210743808,3187523584,3210743808,56235,56391,56235,56391,1940307968,1945526272,1945526272,17.3808,33.767,45.3542,83.3107,23.4676,26.5469,27.4814,30.3589,3.1013,3.5249,3.7588,4.7771,16.3807,18.6502,20.1496,20.7221,5.5796,12.7824,13.9958,15.5595,0.0114,13.1719,24.5165,29.5502,0.0092,0.0181,0.0236,0.0358,966.6,3330.2,4915.7,14313.5,1210.1,11047.0,17624.0,29719.6,786.8,1336.9,1876.0,2585.8,5.0,203.4,278.4,4032.3,2.0,1335.5,2286.2,4189.3,0.0,950.8,1101.8,1844.8,0.4,1.5,1.8,2.4,0.0,0.0,0.0,0.0,17.2501
Standalone,after,After_Standalone_04,PartialNewThenRepeat,5ec64c1d8dfef1e20d13ed98fc3c6617828d9170,AE4AB439A898C6467604E4C35064BB7D24D578B29E98B8095C122713B96D1ABD,360,4.891799999313662,21.858199999769568,28.433199999199132,42.13680000066233,48.37459999907878,10,0,1,0,0,7,0,1,1,1,1,1,1,1,1,1,1,1,1,2,2,2,2,1,1,1,1,0,3809280,0,3809280,3229421568,3231068160,3221254144,3231068160,56449,56449,56449,56449,1954832384,1954832384,1954832384,11.1822,18.963,37.8896,40.6134,22.7415,25.0164,26.0718,27.1403,2.7139,3.1615,3.2843,3.9792,14.8699,17.9179,19.6258,23.4924,8.2262,16.4264,18.0736,19.8631,0.0085,0.0173,4.9913,14.7656,0.0085,0.0171,0.0187,0.0253,85.0,5295.2,12898.1,17657.4,65.0,100.8,4921.7,11206.7,0.0,215.2,468.6,510.3,0.7,1.6,8.6,4787.4,0.6,1.1,1.5,1241.7,0.0,0.0,1973.3,2300.9,0.0,440.9,11254.6,11953.2,0.0,0.0,0.0,0.0,5.355600000000001
Standalone,after,After_Standalone_04,Overlap64,5ec64c1d8dfef1e20d13ed98fc3c6617828d9170,AE4AB439A898C6467604E4C35064BB7D24D578B29E98B8095C122713B96D1ABD,360,177.60760000055598,23.88950000022305,28.83530000144674,30.895500000042375,490.13790000026347,2,1,2,65,65,15,4,65,1,1,65,65,1,1,65,65,1,1,65,66,2,2,66,193,1,1,193,25026560,3809280,3809280,25026560,3293806592,3294568448,3293806592,3294621696,57841,57841,57841,57841,1962696704,1962696704,1962696704,12.5075,17.2646,18.86,493.2563,24.1392,25.8247,26.916,28.2076,2.9461,3.2738,3.4843,4.7293,16.0028,18.0905,19.3036,19.8309,8.5176,14.1978,14.8052,15.2634,0.0093,0.0187,4.234,435.0949,0.0093,0.0176,0.0309,0.0698,120.3,157.6,176.1,299.5,0.5,0.8,0.9,281228.6,74.2,93.0,121.6,2425.8,0.0,0.0,0.0,9264.8,0.0,0.0,0.0,226255.8,0.0,0.0,0.0,7873.2,0.0,0.0,0.0,25033.3,0.0,0.0,0.0,0.0,0.24259999999999998
Standalone,after,After_Standalone_04,SameIdentity64,5ec64c1d8dfef1e20d13ed98fc3c6617828d9170,AE4AB439A898C6467604E4C35064BB7D24D578B29E98B8095C122713B96D1ABD,360,198.8535000000411,23.767300001054537,28.202900000906084,30.81489999931364,883.0257999998139,1,1,1,65,65,8,5,1,1,1,1,1,1,1,1,1,1,1,1,2,2,2,2,1,1,1,1,3809280,3809280,3809280,3809280,3314593792,3315564544,3314593792,3315634176,58895,58895,58895,58895,1970839552,1970839552,1970839552,12.5408,17.7372,18.4391,872.789,23.8822,25.6681,26.0517,28.0777,2.9341,3.2418,3.3471,4.65,15.8287,17.6326,19.8233,20.4111,8.6107,13.9031,14.4433,14.7752,0.0092,0.0203,5.4829,15.0103,0.0092,0.0189,0.0248,0.0579,118.7,161.9,184.7,272.7,0.3,0.6,0.8,650328.4,73.5,90.9,112.4,1706.1,0.0,0.0,0.0,10669.8,0.0,0.0,0.0,520887.0,0.0,0.0,0.0,8138.6,0.0,0.0,0.0,91885.6,0.0,0.0,0.0,0.0,0.2214
Standalone,after,After_Standalone_04,Distributed184,5ec64c1d8dfef1e20d13ed98fc3c6617828d9170,AE4AB439A898C6467604E4C35064BB7D24D578B29E98B8095C122713B96D1ABD,360,601.5074999995704,24.234799999248935,29.373100000157137,35.601499999756925,2566.443799998524,5,1,1,185,185,10,6,121,121,121,121,121,121,121,121,121,121,121,121,122,122,122,122,361,361,361,361,44966912,44966912,44966912,44966912,3480580096,3465277440,3465125888,3482361856,61817,61817,61817,61817,1994219520,1959440384,1994219520,12.9553,18.2461,27.0774,2548.7815,24.221,26.0778,27.7986,35.4799,2.9588,3.374,3.7834,6.3698,15.8607,17.9798,30.4209,30.6024,8.5433,14.1855,14.8896,20.2541,0.0093,0.0223,18.2307,24.3336,0.0092,0.0181,0.0228,0.0574,119.4,159.7,183.2,248.2,0.4,0.6,0.8,1903784.4,73.6,95.9,114.0,6460.4,0.0,0.0,0.0,87091.8,0.0,0.0,0.0,1476366.8,0.0,0.0,0.0,23248.0,0.0,0.0,0.0,276590.0,0.0,0.0,0.0,0.0,0.2394
Standalone,after,After_Standalone_04,FastSweep90,5ec64c1d8dfef1e20d13ed98fc3c6617828d9170,AE4AB439A898C6467604E4C35064BB7D24D578B29E98B8095C122713B96D1ABD,180,186.72929999956978,21.47750000040105,27.448299999377923,29.983999998876243,503.55599999966216,1,1,1,65,65,15,4,1,1,1,1,1,1,1,1,1,1,1,1,2,2,2,2,1,1,1,1,3809280,3809280,3809280,3809280,3465707520,3468292096,3465707520,3468292096,61817,61817,61817,61817,1967304704,1967304704,1967304704,10.2855,15.8726,16.9253,503.2034,22.3948,24.6126,25.2973,25.5454,2.6894,3.0825,3.69,4.2456,14.6555,18.1376,20.6961,20.6961,8.9923,17.5031,19.2405,19.4029,0.0098,0.0177,11.9781,11.9781,0.0097,0.0175,0.02,0.0434,48.8,65.1,130.1,130.4,0.5,0.8,0.9,282612.5,0.0,0.0,84.9,1514.0,0.0,0.0,0.0,9506.5,0.0,0.0,0.0,227744.5,0.0,0.0,0.0,7384.7,0.0,0.0,0.0,22430.6,0.0,0.0,0.0,0.0,0.1411
Standalone,after,After_Standalone_04,FastSweep160,5ec64c1d8dfef1e20d13ed98fc3c6617828d9170,AE4AB439A898C6467604E4C35064BB7D24D578B29E98B8095C122713B96D1ABD,180,207.5896999995166,21.643399999447865,27.835200000481564,32.098300000143354,527.4703000013687,1,1,1,65,65,15,4,1,1,1,1,1,1,1,1,1,1,1,1,2,2,2,2,1,1,1,1,3809280,3809280,3809280,3809280,3468484608,3468656640,3468484608,3468656640,61817,61817,61817,61817,1975169024,1975169024,1975169024,10.4852,15.9825,16.4676,509.8607,22.0722,24.5252,27.1448,28.2163,2.7279,3.0684,3.2682,4.4699,14.6235,18.0246,18.1911,18.3568,9.3675,17.2737,19.2928,20.8964,0.0093,0.019,7.1928,11.9748,0.0091,0.0178,0.0201,0.0584,48.9,75.7,130.9,133.1,0.4,0.9,1.1,286881.1,0.0,0.0,84.0,1566.2,0.0,0.0,0.0,9817.2,0.0,0.0,0.0,230394.8,0.0,0.0,0.0,7587.3,0.0,0.0,0.0,23031.0,0.0,0.0,0.0,0.0,0.1724
Standalone,after,After_Standalone_04,StationaryStop,5ec64c1d8dfef1e20d13ed98fc3c6617828d9170,AE4AB439A898C6467604E4C35064BB7D24D578B29E98B8095C122713B96D1ABD,360,3.765900000871625,21.539899998970213,27.34749999945052,28.974100001505576,30.77579999990121,0,0,0,1,1,7,0,2,2,2,2,2,2,2,2,1,1,1,1,6,6,6,6,4,4,4,4,3809280,5062656,3809280,5062656,3468767232,3452940288,3450503168,3468886016,61817,61817,61817,61817,1975169024,1975574528,1975574528,10.2427,15.7826,18.5497,29.1896,22.4414,24.6342,25.3285,26.6209,2.7818,3.1191,3.4142,3.7957,14.8774,18.2873,18.7459,19.4663,9.9561,16.8015,18.961,20.2484,0.009,0.0176,0.0272,0.0745,0.009,0.0176,0.0272,0.0745,61.3,98.0,436.9,4509.2,14.0,1432.0,2584.5,2784.9,12.6,19.2,229.4,534.2,4.2,1047.6,1771.3,1937.8,0.9,193.6,360.1,412.6,0.0,0.0,0.0,679.8,0.0,0.0,0.0,0.2,0.0,0.0,0.0,0.0,1.8147
Standalone,after,After_Standalone_04,LongRepeatDistributed,5ec64c1d8dfef1e20d13ed98fc3c6617828d9170,AE4AB439A898C6467604E4C35064BB7D24D578B29E98B8095C122713B96D1ABD,1800,598.6656999994011,24.307899999257643,28.775899998436216,31.700800000180607,2538.3414999996603,7,1,2,186,186,10,6,122,122,122,122,122,122,122,122,121,121,121,121,126,126,126,126,364,364,364,364,46220288,46220288,46220288,46220288,3498651648,3495829504,3482128384,3499393024,61817,61817,61817,61817,1998954496,1959845888,1998954496,12.7801,18.0982,19.8036,2478.6924,24.2831,26.6606,27.8888,31.5305,2.9683,3.3096,3.7231,6.2349,16.0843,18.3012,19.5514,28.7533,8.7372,14.4336,15.5959,62.4481,0.0096,0.0194,0.0359,24.7968,0.0096,0.019,0.026,0.1779,118.8,158.2,190.2,323.7,0.4,0.7,0.8,1878330.9,72.7,91.7,109.4,6426.7,0.0,0.0,0.0,78180.2,0.0,0.0,0.0,1469949.2,0.0,0.0,0.0,22143.1,0.0,0.0,0.0,268269.9,0.0,0.0,0.0,0.0,0.2368
Standalone,after,After_Standalone_04,ActualNewKnowledge,5ec64c1d8dfef1e20d13ed98fc3c6617828d9170,AE4AB439A898C6467604E4C35064BB7D24D578B29E98B8095C122713B96D1ABD,360,7.293200000276556,22.03870000084862,29.296099999555736,34.15300000051502,36.54350000033446,5,0,1,1,1,7,0,2,7,2,7,2,7,2,7,1,1,1,1,6,11,6,11,4,19,4,19,3809280,11329536,3809280,11329536,3494182912,3496517632,3494182912,3496517632,61817,61817,61817,61817,1959845888,1962217472,1962217472,10.4111,18.0799,25.8497,32.9223,23.1669,26.7024,27.5705,28.3408,2.8191,3.2243,3.4249,3.7598,15.2312,18.4739,19.6864,20.1685,9.4867,18.1471,20.2554,21.3605,0.009,0.0176,0.0224,0.0259,0.009,0.0175,0.0219,0.0248,72.0,262.9,4528.0,4607.3,83.2,1621.9,5114.2,5641.3,0.0,250.2,738.1,835.2,1.6,1234.3,3851.3,4503.3,1.1,8.8,383.7,409.5,0.0,0.0,671.2,695.5,0.0,0.4,0.5,0.6,0.0,0.0,0.0,0.0,3.1752
